employee_id,annual_inc,employee_title,home_ownership
44037036,55000.0,Account Specialist,OWN
41036228,184000.0,IT Architect,MORTGAGE
67601397,30000.0,night auditor,RENT
64972576,72000.0,Field Service Representative,MORTGAGE
59922079,84000.0,Senior Pastor,MORTGAGE
4417511,65000.0,Market Resource Partners,RENT
64816480,130000.0,Sr. System Engineer,RENT
37075903,108000.0,President,RENT
26377546,150000.0,Owner,MORTGAGE
22974788,190000.0,"Vice President, SOuthwest Division",MORTGAGE
20967626,52000.0,senior associate rep,RENT
34050773,26000.0,EHS,MORTGAGE
63058354,135000.0,Managing Director,MORTGAGE
72648159,84840.0,Carpenter,MORTGAGE
14978604,60000.0,Principal,MORTGAGE
47033713,48000.0,Owner,RENT
58339021,44459.22,Planner Buyer,RENT
42363432,49000.0,recieving lead,MORTGAGE
14678996,59300.0,District Treasurer,MORTGAGE
35845083,45000.0,claims,OWN
65772414,45000.0,Order to Cash Finance Associate ,RENT
7649589,98000.0,JMA Solutions,MORTGAGE
1483947,75000.0,Paychex,RENT
1513284,90000.0,Apollo Group,MORTGAGE
67500804,55500.0,Deputy Press Secretary,RENT
34691613,50000.0,General mgr,OWN
20738638,115000.0,"Director, PMO",RENT
70934960,49000.0,Agent,MORTGAGE
706380,54000.0,State Street Bank,RENT
46857459,80000.0,Risk Analyst,MORTGAGE
43458416,48000.0,Project Manager,RENT
4058492,30600.0,Action Marketing LLC,RENT
36665106,73000.0,VP Operations,OWN
990949,65000.0,ASYNCHRONY SOLUTIONS,MORTGAGE
7229793,40000.0,Merced County ,RENT
16662728,52000.0,Clerical,MORTGAGE
34190654,44000.0,fss3,RENT
67199504,160000.0,Director of Planning,RENT
24744929,62000.0,ELECTRONICS ENGINEER,RENT
67532922,30000.0,Web Developer/Social Media Specialist,RENT
22340509,75000.0,Office manager,RENT
11920688,65000.0,Prem Tech,MORTGAGE
7819290,85000.0,Turners Dairy,MORTGAGE
10018508,75000.0,Police Officer,OWN
15040199,52000.0,bus driver,RENT
3771638,90000.0,Legacy of Life Hawaii,RENT
46536687,35000.0,Sleep Tech,MORTGAGE
67530422,54000.0,Maintenance Technician,MORTGAGE
64844790,70000.0,Underwriting manager,RENT
23063347,40000.0,CNA,RENT
56519106,90000.0,district manager,MORTGAGE
61291435,60800.0,User Support Analyst,RENT
6907636,52000.0,Three Bears Grocery,MORTGAGE
17822280,83000.0,Legal Secretary,MORTGAGE
1701281,70000.0,voss ind.,MORTGAGE
49564612,66000.0,School Teacher,MORTGAGE
16941687,43600.0,,MORTGAGE
29242569,30000.0,IT Adminjstrator,OWN
919875,35000.0,MerilL Lynch,MORTGAGE
43949369,41000.0,Asst Store Manager,RENT
43836804,60000.0,Branch Manager,MORTGAGE
72277485,55000.0,Restaurant server,RENT
63416884,54000.0,Project Manager,RENT
15008659,45000.0,Passenger Service Agent,RENT
61973865,52000.0,Controller,MORTGAGE
3418709,51000.0,conway freight,MORTGAGE
899241,153000.0,united states air force,OWN
67601611,42000.0,Manager of Welcome Center,RENT
45280665,40059.0,Therapist,MORTGAGE
14259611,70000.0,Teacher,MORTGAGE
15459746,62000.0,NCOIC Cyber Surety,RENT
5821166,45000.0,UCSF,RENT
64555876,100000.0,President,MORTGAGE
59408898,46000.0,Teacher,RENT
7200108,60000.0,B. Braun Medical,RENT
9637167,29120.0,Admin Assistant,RENT
59631666,59000.0,letter carrier,RENT
23292364,50000.0,P & D Driver,RENT
31216772,42000.0,LPC cafe manager,RENT
18475209,42000.0,Teacher,MORTGAGE
26237521,65000.0,Senior Supply Sergeant,RENT
10751796,75000.0,Owner,RENT
42134060,55000.0,Career and Tech Ed Specialist,OWN
1690277,31407.0,"Apple, Inc.",RENT
42524933,72000.0,Operations and finance manager,RENT
18555114,42000.0,Mechanic,RENT
46132079,55000.0,teacher,MORTGAGE
35963470,60000.0,Associate,RENT
53583208,65000.0,Owner,RENT
18415395,132504.0,Program Manager,MORTGAGE
62334860,93000.0,Store Manager,MORTGAGE
2637881,125000.0,Excelaire,RENT
7098125,63000.0,Fondren Orthopedic Group,MORTGAGE
70641473,100000.0,Sales,MORTGAGE
3418250,65000.0,Randall's ,RENT
57105108,77000.0,personal banker,RENT
51135981,33000.0,Retail Manager,RENT
21047758,98000.0,Assistant Vice President,OWN
65559791,85000.0,Sales,MORTGAGE
720205,65004.0,preferred office products,MORTGAGE
71299970,30000.0,CSR,MORTGAGE
10427325,80000.0,corrosion/leakage specialist,MORTGAGE
63027917,65000.0,Departmental Analyst,MORTGAGE
1642883,65000.0,O'Brien & Gere,RENT
41368331,100000.0,Technical Advisor,RENT
57926418,98000.0,RN II,MORTGAGE
9111888,90000.0,EQ Mechanic,OWN
12657829,46800.0,Configuration Analyst,MORTGAGE
72549688,65000.0,Chef,OWN
52616180,90000.0,Officer,RENT
1448392,72000.0,HRA,OWN
15930028,25000.0,level II Techniciam,MORTGAGE
42144198,125000.0,Console Supervisor ,MORTGAGE
69192617,65000.0,P&D DRIVER,OWN
18354106,72800.0,Office Manager,MORTGAGE
57916511,126000.0,Vice President,MORTGAGE
41302339,235000.0,Account Manager,MORTGAGE
66752505,39000.0,Office Manager,OWN
19015223,55000.0,Level 2 Fitness Coach,RENT
59711195,45444.0,,RENT
49664280,30000.0,Teller,OWN
23071512,60000.0,production department,OWN
8439705,110000.0,ISOTECH PEST CONTROL,MORTGAGE
65427032,102000.0,Can driver,RENT
63773449,56000.0,engeneer,MORTGAGE
34210311,18876.0,,RENT
21860210,78800.0,"Manager, Benefits Services",OWN
31127612,500000.0,CEO,MORTGAGE
411839,61200.0,Halliburton Energy Services,OWN
9399591,25900.0,,MORTGAGE
9337383,33000.0,,RENT
6508818,52000.0,County of San Bernardino,OWN
59651396,32000.0,Electronic assembler,MORTGAGE
33088889,80000.0,Network Support Engineer,MORTGAGE
69636080,80000.0,Sales and Marketing Director,MORTGAGE
43818220,129000.0,Superintendent,MORTGAGE
43876262,160000.0,Data architect,MORTGAGE
8459118,45000.0,HID INCORP,RENT
13637602,50995.0,,RENT
59044750,30000.0,Rig Hand,OWN
70368683,106000.0,solution architect ,OWN
63405255,65000.0,Sr Engineering Technician,MORTGAGE
25436134,45360.0,REGISTRAR,RENT
54118342,54000.0,coordinator,MORTGAGE
45360251,52000.0,driver,MORTGAGE
774866,80000.0,Schuff Steel Co,MORTGAGE
1552632,75000.0,Cushman & Wakefield,RENT
72610264,28832.0,Optician ,RENT
34732157,75000.0,weldor,RENT
71158405,50000.0,COLLECTOR II,MORTGAGE
66075587,65000.0,product Manager ,OWN
63117570,50000.0,Concierge Mgmt.,RENT
10890106,110690.0,Human Resources Consultant,MORTGAGE
63049054,56000.0,Retail Associate Manager,MORTGAGE
42542864,55000.0,Teacher,RENT
64567969,80000.0,Operations Manager,MORTGAGE
8720532,59005.0,eClinicalWorks,RENT
72168405,76000.0,Administrativr manager,RENT
8568940,120000.0,,RENT
13697027,15600.0,,OWN
53985474,71000.0,Technician,RENT
4151985,38000.0,Bullhead City School District,RENT
28711032,48249.84,,MORTGAGE
57639000,57000.0,Server,MORTGAGE
57658174,120000.0,District Manager,MORTGAGE
25515961,40000.0,Operations Manager,MORTGAGE
30043826,65000.0,Plumbing Supervisor,MORTGAGE
4672272,80000.0,ViaQuest,RENT
55216146,45000.0,environmental services,RENT
13610525,75000.0,tecnician,MORTGAGE
63773407,55000.0,Sales,MORTGAGE
16671713,45000.0,Auto mechanic,RENT
70264870,80000.0,Registered Nurse,MORTGAGE
35954318,100000.0,Insurance sales,MORTGAGE
38358826,72750.0,IT Service Delivery Manager,OWN
47376892,32000.0,Technical,RENT
46616765,50000.0,Jeweler,MORTGAGE
3921643,65000.0,Rock Tenn Merchandising displays,MORTGAGE
61854466,72000.0,,MORTGAGE
53283017,66700.0,Configuration and Data Manager,MORTGAGE
46446143,68000.0,Sales Manaer,OWN
32167049,40000.0,Holiday Magic Coordinator,RENT
9307893,43000.0,,OWN
62289620,68000.0,Outside Sales Associate,MORTGAGE
72429161,44000.0,auto tech,RENT
11917644,26000.0,head custdian,RENT
11608119,85000.0,Director Operations,RENT
66742251,28660.0,,RENT
6797620,85000.0,FedEx,MORTGAGE
14537804,35000.0,Test Administrator,MORTGAGE
36975410,59800.0,Experienced Audit Associate,RENT
983931,60000.0,Encompass Home Health,MORTGAGE
53322545,60000.0,Public Information Specialist,MORTGAGE
24023775,108000.0,Sr. Project Manager,MORTGAGE
53462576,45400.0,,RENT
29602892,88000.0,Associate,RENT
58053962,75000.0,Sr Loan Coordinator,MORTGAGE
3860846,104000.0,,RENT
752920,85000.0,Morgan Stanley,MORTGAGE
65623250,95000.0,MRI Tech,MORTGAGE
25325650,36000.0,home health assistant,OWN
34461250,35000.0,rn,RENT
14481341,46900.0,Forklift Driver,RENT
11948660,92000.0,Electrical Technician,MORTGAGE
14268435,63350.0,Sr. Associate of New Store Groups,MORTGAGE
47691430,42000.0,Manager,MORTGAGE
17452121,49000.0,Receiving Manager,RENT
8719399,85000.0,Longhorn Steakhouse,MORTGAGE
54916455,45337.0,,OWN
37747127,78000.0,Developer,RENT
73375122,200000.0,buyer,OWN
63129149,100000.0,Asst Director - Grants & Contracts,RENT
37988270,78847.0,construction specialist,MORTGAGE
13670549,72000.0,service manager,MORTGAGE
3977140,78000.0,Science Applications International Corp,RENT
46466922,80000.0,Chef ,RENT
65428148,70000.0,Non Ferrous Manager,RENT
1831676,89000.0,"Phoenix Newspapers, Inc.",RENT
52265250,53000.0,,MORTGAGE
6708296,60000.0,Viking delivery,RENT
18564432,100000.0,Conductor,MORTGAGE
1550954,60000.0,State Controller's Office,RENT
67360216,118000.0,Manager,MORTGAGE
20667595,107000.0,Buisness Analyst,RENT
1878610,60000.0,Route 18 Chrysler,RENT
573576,30680.0,"Critchfield, Critchfield, & Johnston",RENT
64905094,80000.0,RN,MORTGAGE
43732262,46000.0,Assistant Store Manager,RENT
60899304,62000.0,Paralegal,MORTGAGE
55266750,72500.0,Consultant,RENT
8732783,57500.0,Muhlenberg Township,RENT
62745003,65000.0,Architect,MORTGAGE
11981059,150000.0,,RENT
1385389,43431.0,Byron Center Public Schools,MORTGAGE
1712708,28500.0,Spectrum Health Hospitals,MORTGAGE
66205274,150000.0,Owner/Electrician,RENT
33589136,49800.0,Designer,OWN
48063881,31500.0,Account Manager,RENT
370086,250000.0,President,MORTGAGE
3417648,58000.0,,MORTGAGE
64796494,120000.0,Software Engineer,MORTGAGE
61534862,45000.0,,MORTGAGE
42123479,70000.0,Manager,MORTGAGE
64030330,31900.0,Admin. Asst. II,OWN
904052,53000.0,Bristol Virginia Public Schools,MORTGAGE
20717978,85000.0,Teacher,MORTGAGE
14419070,18000.0,money center cashier,RENT
47357024,55000.0,Sales,RENT
63395245,32000.0,cycle counter,RENT
8526915,57000.0,COURTYARD MARRIOTT,RENT
55297148,60000.0,Manager,MORTGAGE
22411865,54000.0,Supervisor Equipment Control,MORTGAGE
3875530,115000.0,American Medical Systems,MORTGAGE
417899,48000.0,,RENT
4431101,160000.0,Collaborative Consulting,MORTGAGE
41361726,61400.0,,MORTGAGE
41231092,52332.8,Closer / Funder,MORTGAGE
36946857,47000.0,Materials Manager,RENT
22672099,75000.0,Enologist,OWN
73294668,100000.0,Detective,MORTGAGE
72600242,69000.0,Steel Detailer ,RENT
10799071,78000.0,network admin,OWN
39042336,62000.0,Benefits Account Manager,MORTGAGE
10726775,47460.0,Adminstrative Assistance,MORTGAGE
43838009,46500.0,Cardiovascular technician,OWN
465477,60000.0,Best Buy Co. Inc.,MORTGAGE
13288253,50000.0,Payroll Accountant,MORTGAGE
44896893,48000.0,LEGAL ASSISTANT,RENT
24776711,40000.0,owner,RENT
28520791,27495.0,Overnight Merchandiser,OWN
1770785,48000.0,University of Arizona Cancer Center,RENT
24784577,61000.0,,MORTGAGE
10306716,61000.0,police officer,MORTGAGE
72160212,75000.0,Manager of Provider Relations,RENT
63009914,85000.0,Government Appraisal Reviewer,MORTGAGE
36986975,115000.0,Club Manager,OWN
22510867,93000.0,Supervisior,OWN
8728100,65000.0,JP Morgan Chase,MORTGAGE
13350623,48000.0,Machinist,MORTGAGE
28942437,64000.0,GLOBAL IT ENGINEER,OWN
7927012,18936.0,,MORTGAGE
19776202,13000.0,,RENT
60707396,20000.0,Cafe,MORTGAGE
13618075,39000.0,,MORTGAGE
49586148,48000.0,sales,RENT
49001868,40560.0,Asst. Program Coordinator ,RENT
52144905,104000.0,SQL Report Writer,MORTGAGE
65613079,68504.0,Paramedic,MORTGAGE
15038527,72000.0,,MORTGAGE
1819231,60000.0,Saia Motor Freight,RENT
641925,43200.0,Dow Chemical (Filmtec corp),RENT
31827218,85000.0,Manager of Opeartions,OWN
12837309,25000.0,,MORTGAGE
23052676,100000.0,President,RENT
64952085,68240.0,Team Lead,MORTGAGE
45420249,44000.0,operator,RENT
49615159,115000.0,Fabricator,MORTGAGE
46725942,75000.0,Steel wirker,MORTGAGE
1449146,55000.0,quality steel,MORTGAGE
49923871,42000.0,Teacher,OWN
21949362,50000.0,Door builder ,MORTGAGE
33469441,147000.0,Senior Special Agent,MORTGAGE
3769058,87000.0,Spencer County Schools,MORTGAGE
732573,72000.0,holler honda,RENT
43905962,53000.0,Office coordinator,OWN
19926053,53700.0,AR SUPERVISOR,OWN
16682779,32000.0,Picker,RENT
69574742,35000.0,trainee,RENT
52526357,28000.0,Online Banker,RENT
41055595,72500.0,"Senior Accountant, CPA",RENT
58651017,86000.0,Assistant Director,MORTGAGE
5307012,103000.0,Country Club,RENT
15080031,93072.0,Teacher,RENT
73089928,50000.0,HR Business Partner,RENT
22363030,78000.0,Associate Financial Representative,RENT
62513162,45000.0,Technician ,RENT
50296906,90000.0,Administrator,MORTGAGE
11927992,120000.0,Physician Assistant,OWN
65510333,36880.0,Laboratory technician ,RENT
960323,120000.0,"Hinshaw & Culbertson, LLP",MORTGAGE
52972754,45000.0,Human Resources,MORTGAGE
31346607,70000.0,Letter carrier & shuttle driver/handler,MORTGAGE
58841413,120000.0,District Manager,MORTGAGE
1739637,43000.0,JH Cohn LLP,MORTGAGE
56561188,25512.0,Cashier,MORTGAGE
63017440,100000.0,marketing specialist,RENT
12507199,120000.0,Staff,MORTGAGE
37366958,89000.0,Fire Captain,RENT
41269518,100000.0,Quality Control Rep,MORTGAGE
1538194,22000.0,CenterForce,RENT
43182087,195000.0,Sr. Manager,MORTGAGE
64253576,130000.0,Staff Nurse,MORTGAGE
7842209,50000.0,Shopko,MORTGAGE
14608311,49774.0,Machinest,MORTGAGE
63047517,100000.0,Sr. Email Marketing Manager,RENT
12589230,40000.0,QA,OWN
72037778,120000.0,JOURNEYMAN,RENT
14958083,130000.0,Software Architect,RENT
43848504,248000.0,Editor,RENT
70390254,102500.0,Regional HR Manager,MORTGAGE
65457125,60000.0,Assistant Service Manager,RENT
4431072,26000.0,Black Hills Regional Eye Institute,MORTGAGE
16541786,40000.0,teacher at Escambia Charter,MORTGAGE
938924,100000.0,K-Rain Manufacturing,RENT
55316001,100000.0,Supervisor,RENT
15610162,80000.0,Software Engineer,RENT
46982799,50913.0,Teacher,OWN
72159131,75000.0,Aircraft Maintenance Technician,MORTGAGE
10761172,117478.4,Finance Manager,MORTGAGE
53825763,65000.0,purchasing agent,RENT
985441,74872.0,US Army Corps of Engineers,RENT
240443,27000.0,F/V Bold Venture,MORTGAGE
51954690,64000.0,Plant Electrician,MORTGAGE
5811218,36400.0,Phoenix Coffee Company,RENT
796722,26771.94,Laclede Co. Sheriff's Office,MORTGAGE
68027487,48000.0,,RENT
14999498,140000.0,account manager,MORTGAGE
64383893,22800.0,Front Desk Agent,RENT
70287559,15600.0,,RENT
67665874,51539.0,Teacher,RENT
15299932,90000.0,Executive Director,RENT
46984300,21760.0,Loss Prevention Agent,RENT
42883680,43000.0,Office Manger,RENT
70464421,95000.0,Trainman,MORTGAGE
23023002,90000.0,executive chef,MORTGAGE
2697912,30000.0,Titan Media,RENT
1890437,200000.0,Cox Media Group,RENT
56258789,130000.0,Auditor,MORTGAGE
63037875,65000.0,Equipment Operator,RENT
66692274,127000.0,Judge,MORTGAGE
68317904,250000.0,Speech Therapist,MORTGAGE
15128750,142800.0,DIRECTOR,RENT
57568950,52000.0,IT Assoc,MORTGAGE
8477585,70000.0,Kirby inland marine,MORTGAGE
18575224,84000.0,registered nurse,MORTGAGE
833879,38000.0,The Body Shop,OWN
53052167,46625.75,DRIVER,MORTGAGE
15590063,67000.0,Chief Engineer,MORTGAGE
1068008,135000.0,kaiser permanente,MORTGAGE
62705115,55000.0,Account Manager,RENT
50357121,200000.0,Chief of Human Resources,MORTGAGE
63495349,28000.0,bookkeeper,RENT
6331290,20000.0,RHA,RENT
41332631,51000.0,Banquet captain,MORTGAGE
7019152,106000.0,UPS,MORTGAGE
49925089,55000.0,Teacher,MORTGAGE
59719158,60000.0,restaurant account,RENT
12449731,80000.0,Instructor - Registered Nurse,MORTGAGE
56601571,66000.0,Closing Coordinator,MORTGAGE
48922084,98500.0,Senior Underwriter,MORTGAGE
3476822,55000.0,jp morgan chase,RENT
37557859,71684.0,Sales Support Associate,RENT
36324687,49000.0,Teacher,OWN
1689465,36000.0,city of paterson,RENT
38368773,120000.0,Pharmacist,MORTGAGE
6997332,26000.0,napa auto parts,RENT
5460652,22500.0,,RENT
4538271,77000.0,Colorado State University,MORTGAGE
27238924,60000.0,Carrier Services Group,MORTGAGE
53303772,94000.0,chef,MORTGAGE
33790027,170800.0,Territory Manager,MORTGAGE
21389390,90000.0,Clinical Director,MORTGAGE
14547425,25000.0,Sales Rep,RENT
46816867,103000.0,Director of Rehab,MORTGAGE
15169238,69000.0,Excutive Chef,RENT
37146431,80000.0,School Counselor,RENT
4173768,63049.0,,OWN
11548039,72490.0,Business Analyst,MORTGAGE
44016556,24000.0,Garage Attendant,RENT
4674061,62000.0,s and s ,MORTGAGE
12032844,75000.0,salesman,RENT
31706813,260000.0,Advisor,MORTGAGE
8105255,38000.0,Glade Run Lutheran Services,MORTGAGE
65527882,111000.0,Director of Operations ,MORTGAGE
6407041,180000.0,,MORTGAGE
43894986,66000.0,Truck Driver,RENT
8077561,103000.0,Logics One ,RENT
71347768,78000.0,a operator,OWN
14487617,60115.0,Supply Chain Analyst,RENT
4428518,60000.0,Integrated Dynamic Solutions,MORTGAGE
70436106,85000.0,rr engineer,MORTGAGE
57588530,43000.0,Physical Therapist Assistant,MORTGAGE
28652455,55000.0,Contract Administrator,RENT
10390070,56000.0,,MORTGAGE
15030309,85000.0,Professor of English,MORTGAGE
64956993,64200.0,Report Developer,RENT
44016918,35000.0,Housekeeper,RENT
58921894,60000.0,PAYROLL TECH,MORTGAGE
69585571,47000.0,Secretary ,MORTGAGE
21370362,35000.0,,RENT
4379872,105000.0,Hudson Legal,RENT
1282508,50000.0,United Parcel Service,OWN
43967836,79500.0,Supervisor,MORTGAGE
8083256,40000.0,pauls automotive,OWN
2727110,125000.0,Tampa Police Department,RENT
38428851,37000.0,shipping clerk,MORTGAGE
4153263,85000.0,"3Core Systems, Inc ",RENT
19847975,70000.0,Maintenance Mech III,MORTGAGE
26418497,55000.0,Biomed,MORTGAGE
70445319,120000.0,Software Engineer,MORTGAGE
68037173,60000.0,Owner,MORTGAGE
358237,30000.0,New York Life Insurance,RENT
68266986,34847.52,,MORTGAGE
63047277,70000.0,Police Officer,MORTGAGE
2743594,68000.0,Teragram LLC,RENT
72887749,115000.0,Global Instructional Design Specialist,RENT
40573856,16000.0,Flight Attendant,RENT
43887532,85000.0,landscape designer 1,MORTGAGE
1340360,53000.0,NAIS,RENT
65578298,95000.0,Superintendant,MORTGAGE
69899461,100000.0,mechanical ,RENT
19325643,180000.0,Loan Officer,MORTGAGE
43406950,50000.0,Security Officer,MORTGAGE
70751121,32000.0,Price Accuracy,MORTGAGE
25526423,70000.0,"Vice President, Personal Insurance Mgr",MORTGAGE
7417960,48000.0,PHASE,OWN
43032903,68000.0,Telecommunications manager,MORTGAGE
50307033,110000.0,Senior Examiner,MORTGAGE
44275035,147000.0,Senior Network Engineer,MORTGAGE
68408702,55456.0,Corp Admin/Escrow-Title Officer,MORTGAGE
6387678,47999.0,UMDNJ,RENT
65650924,73000.0,Mail carrier,OWN
43808367,25615.0,Server,RENT
45460221,50000.0,heavy equipment service tech,RENT
2743672,87000.0,Pepsico,MORTGAGE
51524722,56000.0,maintenance supervisor,OWN
1064485,42000.0,pci health training,RENT
1703028,125000.0,Hirata North America,MORTGAGE
16470850,65000.0,account manager,MORTGAGE
31066442,107000.0,Analyst,MORTGAGE
67849524,100000.0,owner,MORTGAGE
15168461,50000.0,CCHT,RENT
7863058,45000.0,Belterra Casino Resort and Spa,RENT
73080773,150000.0,Supervisor,MORTGAGE
47884824,92000.0,engineering designer,MORTGAGE
13796957,120000.0,Architect,MORTGAGE
40534102,100000.0,do,OWN
736901,140000.0,Shire Pharmaceuticals,MORTGAGE
68328408,67000.0,,RENT
38588539,73000.0,Social Worker,MORTGAGE
21147644,100800.0,Internet Manager,MORTGAGE
533583,72209.0,Cigna Healthcare,RENT
49322239,40000.0,Materials Technician ,RENT
13679869,28732.92,,RENT
9028082,57000.0,AT&T,MORTGAGE
35924591,130000.0,Sales,MORTGAGE
57728954,68000.0,recruiter,MORTGAGE
41260018,109000.0,Barge Captain,MORTGAGE
43985353,48000.0,Inside Sales,MORTGAGE
37967610,63000.0,Director of Education,MORTGAGE
9417929,55000.0,Branch Manager,RENT
15218699,125000.0,Assoc Director,MORTGAGE
20327047,70000.0,Police Officer,MORTGAGE
12617677,83592.0,superintendent,RENT
37486489,65000.0,inspection,MORTGAGE
64902150,83000.0,Assistant Professor,RENT
63385929,100000.0,Nurse practitioner,MORTGAGE
25986418,82000.0,Teacher,MORTGAGE
48392243,58000.0,Teacher,OWN
30034194,65000.0,Vice President,MORTGAGE
46982821,68515.0,Account Manager,RENT
59672758,96000.0,CEO,MORTGAGE
19325854,88000.0,Operations Manager,MORTGAGE
8751585,45000.0,Great Florida Bank,RENT
70068980,90000.0,VP Branch Manager,OWN
42454613,250000.0,Chief Technology Officer,MORTGAGE
21819712,64000.0,operator driller,MORTGAGE
7656866,46000.0,PGA National Resort and Spa,MORTGAGE
56168917,30000.0,Insurance agent,OWN
9098666,70000.0,SAN GORGONIO MEMORIAL HOSPITAL,RENT
7227630,89000.0,SJECCD,MORTGAGE
44646914,67000.0,line leader,RENT
66085777,150000.0,Member Technical Staff,RENT
65521044,50000.0,Equipment Operator II,MORTGAGE
23242458,30960.0,Operations processor,RENT
66185317,80000.0,President,OWN
58994748,150000.0,OWNER,RENT
65452929,39000.0,pr driver ,RENT
58094669,60000.0,Material Management,RENT
51913856,97000.0,nurse,RENT
57677930,55000.0,truck driver,MORTGAGE
40594499,62000.0,millwright ,MORTGAGE
32197462,42054.56,husekeeper,OWN
62383803,51000.0,Accounting,MORTGAGE
39102446,28000.0,Co-Owner,RENT
52165087,180000.0,Senior Sales mgmt,RENT
27660165,101000.0,GM,OWN
7876826,50000.0,API Heat Transfer,RENT
19425738,42000.0,,OWN
22331473,112000.0,AVP,RENT
4723078,104000.0,JPMorgan,MORTGAGE
17863860,70000.0,Electrician,MORTGAGE
23544092,45000.0,Financial counselor,RENT
68800846,100000.0,UX Designer,RENT
12028579,40000.0,carpenter,RENT
62735030,32000.0,HVAC Tech,RENT
10387001,60000.0,IT Director,RENT
65558719,89700.0,IS Security Architect,OWN
41200569,45000.0,CLIENT RELATIONS MANAGER,RENT
1194994,66000.0,Grand Rapids Public Schools,MORTGAGE
64233852,74000.0,Mailhandler,RENT
51873990,66000.0,"cook,and teacher",MORTGAGE
45440822,108000.0,systems analyst,MORTGAGE
9419159,87654.0,Consultant,RENT
16651493,21000.0,cook,OWN
1365398,34680.0,,OWN
70406100,110000.0,Senior Consultant,RENT
59056153,61788.96,Residential Specialist,MORTGAGE
60103168,41000.0,,MORTGAGE
52314928,29000.0,Surgical Tech,RENT
46992432,60000.0,accounts payable,MORTGAGE
14531162,52000.0,Account Executive,MORTGAGE
56922082,40000.0,Maintenance Mechanic,MORTGAGE
1819346,115000.0,PricewaterhouseCoopers LLP,RENT
2741230,70000.0,City of Nashua,MORTGAGE
65581042,80000.0,Branch manager,MORTGAGE
41323682,58000.0,Lead agent,MORTGAGE
37577512,69987.0,Claims Adjustor,MORTGAGE
51943991,88000.0,RN,MORTGAGE
5801690,40000.0,Octagon Systems,RENT
4297011,60000.0,north american stainless,MORTGAGE
28320249,60000.0,"Clerk, full time",OWN
44276470,75000.0,Teacher,MORTGAGE
16742104,96000.0,Software Support Engineer,MORTGAGE
32888170,45058.0,member service,OWN
1886924,33000.0,JDSU,RENT
1850748,37000.0,Data Trace LLC,RENT
576393,34000.0,The Green Valley Pecan Co.,MORTGAGE
43836162,45000.0,formen,OWN
575617,28080.0,Beacon Promotions,RENT
6059035,80000.0,VISION TECHNOLOGY,MORTGAGE
49779093,62000.0,Supervisor,RENT
53332530,71100.0,Legal Administrative Assistant,MORTGAGE
48902177,120000.0,Teacher,MORTGAGE
7658398,100000.0,WSCMC,MORTGAGE
10027544,125000.0,RN,RENT
26898029,75000.0,Electronic Measurement Mechanic,MORTGAGE
1710775,36000.0,Charter communications,MORTGAGE
44235576,155000.0,Sales Engineer,MORTGAGE
47873473,34296.0,,RENT
62392893,140000.0,Deputy Sheriff,RENT
10756836,55000.0,Quality,MORTGAGE
19867982,62000.0,Sales,RENT
64816308,31000.0,Events Manager,RENT
3556952,70000.0,Department of Defense,MORTGAGE
61370997,155000.0,Impl Consultant,OWN
22332392,63000.0,Crane operator,MORTGAGE
7832823,81000.0,State of Illinois ,MORTGAGE
42446169,13740.0,,MORTGAGE
52902030,60000.0,Purchasing,RENT
22421046,35000.0,REO Claims Specialist,MORTGAGE
70394128,60000.0,PTA,MORTGAGE
6057509,65000.0,Plumbers and pipe fitters local 344,MORTGAGE
55417600,70000.0,Underwriter ,MORTGAGE
5329124,80000.0,Caterpillar Inc.,MORTGAGE
9044906,70000.0,Sale Coordinator team lead,RENT
47561276,152000.0,Executive Director,MORTGAGE
6328045,77500.0,Mercy Hospital,MORTGAGE
35754389,43788.0,Sr. Airman,MORTGAGE
14658875,120000.0,assistant director,MORTGAGE
12457271,57000.0,Director of Social Work,MORTGAGE
49779224,134000.0,RESTORER,MORTGAGE
10856906,52000.0,Executive assistant,RENT
72267992,125000.0,Sr Director of Revenue Management,MORTGAGE
15450310,155000.0,ADON,MORTGAGE
8080276,56000.0,Homegoods,MORTGAGE
14638919,56000.0,Supervisor,RENT
539049,51996.0,Self Employed,RENT
1321267,65000.0,Plant City's First Baptist Church,MORTGAGE
21399419,65000.0,sales rep,OWN
72026218,56000.0,Insurance agent,RENT
26318658,50000.0,LPN,RENT
9409850,160000.0,Pharmacy Manager/Pharmacist-in-Charge,RENT
60887597,120000.0,Licensed Professional Counselor,MORTGAGE
3987046,82000.0,Affiliated foods,MORTGAGE
71341454,40000.0,Owner,MORTGAGE
51583332,185000.0,Manager,MORTGAGE
19727894,125000.0,director of administration,RENT
11031023,127000.0,Management and Program Analyst,MORTGAGE
43446092,56000.0,EDI Analyst,RENT
72267793,45000.0,Assistant Store Manager,RENT
1892492,136000.0,jfk medical ctr ,MORTGAGE
8597153,48000.0,technimark,RENT
61894158,30000.0,Machinist,RENT
63475048,81000.0,CRA II,RENT
21068693,48000.0,Line Processor,OWN
49565473,150000.0,General Manager,RENT
35843557,345000.0,Director,MORTGAGE
62464110,50400.0,HEAD CUSTODIAN,RENT
15078641,63000.0,owner,MORTGAGE
70307283,100000.0,Sr Storage Administrator,RENT
16791359,20000.0,Teacher,RENT
18644367,95000.0,Special Agent,RENT
1673451,49920.0,Lam Research,RENT
26907850,65485.0,Systems Analyst,MORTGAGE
64243941,90000.0,Network Engineer ,OWN
70100274,180000.0,civil engineer consultant,RENT
73244600,65000.0,Team leader,OWN
5491645,40000.0,Pax Dental,MORTGAGE
65471929,50000.0,HR/Compliance Manager,RENT
43276963,60000.0,BOBS FURNTURE,MORTGAGE
62298973,109000.0,USMS,MORTGAGE
46222259,116000.0,Compensation Manager,RENT
48531852,41000.0,CEMETERY SPECIALIST,RENT
46806036,47000.0,Extramural Support ,MORTGAGE
42542915,75000.0,Billing Consultant,RENT
54846051,135072.0,Software Engineer,MORTGAGE
9331026,82300.0,Accounting Supervisor,RENT
49494757,37000.0,Fundraising and Volunteer Coordinator,MORTGAGE
56218860,55000.0,"Associate Manager, Production",RENT
41269515,75000.0,coil coater,MORTGAGE
44295578,50000.0,Manager,MORTGAGE
31186329,49214.0,,MORTGAGE
11953829,32000.0,warehouse lead food service,RENT
14410426,62000.0,,RENT
72768243,35000.0,Haul Driver,RENT
43385176,60000.0,hospitality,RENT
4629113,340000.0,Citigroup,RENT
14527500,86044.0,NDS ENGINEER,RENT
14206970,73000.0,Operations Manager,MORTGAGE
1075130,148500.0,NYCDOE,RENT
48602746,55000.0,Human Resources Generalist,MORTGAGE
57759102,83226.0,SysAdmin,MORTGAGE
41736020,33000.0,Military Service Representative,RENT
23853902,50000.0,stationary engineer,OWN
51785045,49000.0,Registered Nurse,RENT
10327330,24000.0,server,RENT
31827845,50000.0,Farmer,MORTGAGE
49746057,90000.0,sales supervisor,MORTGAGE
12437133,110000.0,Customer Service Manager,MORTGAGE
23533806,50000.0,truck  driveer,RENT
34291069,50000.0,worker,MORTGAGE
63169626,185000.0,CEO,MORTGAGE
31275837,48000.0,Director of Tennis Operations,RENT
70247964,130000.0,Data Analyst,MORTGAGE
15809899,67000.0,Graphic Designer,MORTGAGE
7828258,64000.0,FedEx Express,MORTGAGE
46606977,100000.0,Marketing Director,MORTGAGE
55467001,105000.0,Registered nurse,MORTGAGE
58782460,53000.0,Team leader,MORTGAGE
37568241,80000.0,Real Estate Agent,MORTGAGE
7852233,35000.0,textron systems,MORTGAGE
72580446,83000.0,Driver,RENT
1048543,59256.0,,RENT
57075689,36000.0,sales consaultan,RENT
1318631,89000.0,Nalco,MORTGAGE
67750710,24000.0,Nany,RENT
21820389,45000.0,mechanic,MORTGAGE
53715518,96500.0,Systems Analyst,RENT
66323808,50000.0,Salesman ,RENT
23413635,44000.0,Fiber Optic Apprentice,RENT
26276836,20885.0,bus driver,RENT
35002597,40000.0,production tech,OWN
37706888,32000.0,appointment scheduler,RENT
4676528,80000.0,USF Reddaway,MORTGAGE
7757331,600000.0,Kildare Capital,RENT
22402465,25000.0,assoc mgr,OWN
15519659,39000.0,Financial Operations Associate,RENT
43995451,74000.0,Area Manager,RENT
51300067,28000.0,pastry cook ,RENT
54827112,35000.0,Customer Service Rep,RENT
71332140,34500.0,Journeyman plumber,RENT
65591267,41000.0,family services speciaist,MORTGAGE
21308013,42000.0,Customer Support Representative,RENT
45280415,25000.0,Associate Sponser,OWN
49993481,39000.0,Graphic Artist / Prepress Operator,MORTGAGE
34711503,97120.0,Sr Enterprise Analyst,RENT
42413949,64000.0,Systems Administrator,MORTGAGE
19045210,81000.0,Senior Pastor,MORTGAGE
33889736,70000.0,pattern and marker specialist,MORTGAGE
8075946,36000.0,One Stop Cooling and Heating,RENT
910420,77000.0,Washoe County,MORTGAGE
15500866,120000.0,Managing Director,MORTGAGE
6498133,70000.0,Proctor & Gamble,MORTGAGE
51854216,80000.0,RN-Wound Care Director,RENT
63354905,45000.0,Teacher,OWN
14258048,55000.0,Teacher,MORTGAGE
64060323,33000.0,,OWN
67409994,33000.0,,MORTGAGE
1186348,25200.0,industrial sign @graphic,MORTGAGE
17722410,70000.0,Branch Manager,OWN
70569227,38000.0,Paraprofessional,RENT
23034549,65000.0,Delivery Supervisor,MORTGAGE
48892340,62400.0,Social Worker,MORTGAGE
32718328,84200.0,International Sales Manager,OWN
13637530,29000.0,Teaching Assistant ,RENT
69504495,46000.0,Administrative Manager,MORTGAGE
1752930,70000.0,County Website,RENT
64934086,70000.0,Railcar Mechanic,MORTGAGE
70366600,85000.0,Registered Nurse,MORTGAGE
54936293,60000.0,triler driver,RENT
58609253,33000.0,Administrative Assistant,RENT
22291974,84000.0,Social Worker,RENT
42535707,113000.0,"DIRECTOR, INFORMATION TECHNOLOGY",OWN
48393518,25000.0,Medical record,RENT
46941800,80000.0,Officer,MORTGAGE
70570749,176000.0,Vice President,MORTGAGE
64382855,75000.0,CHEMICAL OPERATOR,OWN
1320759,69000.0,new York city transit,RENT
23063065,49000.0,Registered Nurse,RENT
56338875,141000.0,Registered respiratory therapist,RENT
66474745,58000.0,,MORTGAGE
72038150,205000.0,Sales Rep,MORTGAGE
1201120,120000.0,"American Real Estate Associates, Inc.",MORTGAGE
1047025,70000.0,ASML,RENT
49834066,56000.0,Quality assurance technician,MORTGAGE
64537361,67000.0,Training Manager,MORTGAGE
73484573,70000.0,ct tech,RENT
9388505,35162.0,Title post closer coordinator,RENT
44154611,51000.0,Pressman,RENT
39364147,125000.0,owner,MORTGAGE
72047723,49364.26,Teacher,MORTGAGE
41302161,38000.0,Clinical coordinator,MORTGAGE
49871696,50000.0,rolltender,RENT
38690369,45000.0,Staff Services Analyst,RENT
1438110,21600.0,Dwayne Lanes Arlington Chevrolet,RENT
68510562,50000.0,Loan Processor,MORTGAGE
3426842,38880.0,"Enterprise Electric,llc",MORTGAGE
43287527,98000.0, Marketing Manager,MORTGAGE
46586678,50000.0,transporter,RENT
280898,33000.0,"Assurant Specialty Group, INC",RENT
23062285,150000.0,Finanical Controller,MORTGAGE
22701889,73800.0,Administrative Assistant,MORTGAGE
49931387,28000.0,Clerk,OWN
9387573,70000.0,plumber,MORTGAGE
656990,13200.0,Subway,RENT
31266885,56000.0,Supervisor/registered vet tech,MORTGAGE
67958018,150000.0,president,MORTGAGE
4586851,50000.0,,RENT
8742865,57500.0,BUSINESS MANAGER,MORTGAGE
53968058,65000.0,Marketing Associate,RENT
21310294,40000.0,Av tech,MORTGAGE
1660836,58000.0,Shuman McCuskey Slicer PLLC,OWN
8080902,38500.0,Trader Joe's,RENT
23044066,75000.0,executive asst 3,RENT
11217187,72000.0,President,RENT
7670480,52000.0,Levelland EMS,MORTGAGE
8762758,105000.0,ECFMG,MORTGAGE
6332201,60000.0,TYK AMERICA,OWN
8227568,165000.0,Klein Management Systems Inc,RENT
46785924,70000.0,Engineer,MORTGAGE
64715997,28500.0,,RENT
46302708,93500.0,Senior Auditor,RENT
26388263,132000.0,Captain,MORTGAGE
67667395,150000.0,Executive Secretary,MORTGAGE
62695297,160000.0,Director of Global Education,RENT
60577606,46000.0,Office manager,RENT
8752041,130000.0,City of Tehachapi,MORTGAGE
12001009,106000.0,Manager,RENT
61456747,55000.0,purchasing supervisor,MORTGAGE
26247032,57500.0,QA Developer,RENT
18564227,111000.0,Audit Manager,RENT
73456443,54000.0,O&M Specialist II,RENT
68358729,72000.0,Analyst,RENT
73030174,94500.0,Vice principal,RENT
5547044,60000.0,Sovran Acquisition/Uncle bobs,OWN
1290409,77000.0,"Cydcor, Inc.",RENT
62999453,65000.0,Customer Service,MORTGAGE
1528317,85000.0,TriMet,MORTGAGE
49693972,75000.0,po;ice officer,MORTGAGE
25285565,59000.0,Account Manager,MORTGAGE
12817236,80000.0,Director of Operations,MORTGAGE
1856146,35000.0,HJ Heinz Company,MORTGAGE
67811001,19580.0,Electronics Specialist,RENT
29292648,30000.0,Supervisor,MORTGAGE
45097862,96000.0,Administrative Officer,MORTGAGE
67772084,56000.0,Assistant Manager ,RENT
31726709,85000.0,Accountant,RENT
45480476,63000.0,Member service ,RENT
1742440,30000.0,Ben Arnold Beverage Company,RENT
46272564,37000.0,Assistant Manager,RENT
67688327,72000.0,Sales,MORTGAGE
30775351,32000.0,Teacher,RENT
2836930,111000.0,Oracle America,MORTGAGE
1825082,64500.0,Yale New Haven Hospital,RENT
64556196,50000.0,Executive Assistant,RENT
1552087,84500.0,DRI Commercial Corporation,RENT
55476671,17000.0,Caregiver,OWN
62816357,70000.0,Management Asst II,MORTGAGE
68419524,115000.0,Development Construction Manager,MORTGAGE
43386386,51500.0,,MORTGAGE
30204791,74000.0,Plant Eng,MORTGAGE
12460188,50000.0,Inside Contractor Sales,MORTGAGE
13350000,54400.0,Driver ,MORTGAGE
1500014,115000.0,Comfortcare Dental,MORTGAGE
57165660,80000.0,Shop Foreman,MORTGAGE
8078258,112500.0,Qualcomm Technologies,RENT
15389400,47000.0,tool and die maker,MORTGAGE
15189707,130909.0,Executive Director of Curriculum,MORTGAGE
71308030,105000.0,Aviation Business Process Manager,OWN
63999880,60000.0,Tutor,RENT
5484330,76000.0,Los Angeles County Sheriff's Dept.,MORTGAGE
46466604,40000.0,Licensed Massage Therapist,MORTGAGE
46537709,220000.0,Director Global Quality Assurance,MORTGAGE
40771023,60000.0,Realtor,RENT
56086092,68000.0,Remote Credit Underwriter 3,MORTGAGE
52476185,68000.0,Counselor,MORTGAGE
41338041,130000.0,Operations Manager,RENT
6687455,65000.0,Wolverine Brass,MORTGAGE
63613406,60000.0,Accountant,RENT
10799787,68000.0,E6,MORTGAGE
1830577,94000.0,New York City Police Department,MORTGAGE
67761528,45000.0,Mechanical engineering tooling,MORTGAGE
65509222,325000.0,Global solutions leader,MORTGAGE
64383454,90000.0,Superviser,OWN
37737180,80000.0,Senior Engineer,RENT
42992720,55000.0,Outreach Specialist,RENT
10577878,54363.0,Social Worker,RENT
65500329,40000.0,Assembly,OWN
43847103,104000.0,Contractor,OWN
9637161,56500.0,Mission Center President,RENT
66532891,30000.0,,MORTGAGE
57578169,30000.0,Credit Applications Clerk,MORTGAGE
32118707,65000.0,BRANCH MANAGER,RENT
9028883,35351.28,Ft. Elliot C.I.S.D.,OWN
65651843,225000.0,Dentist,RENT
60879106,133000.0,Chief Engineer,MORTGAGE
59723393,59000.0,Social Worker,RENT
4419452,90000.0,Ups,MORTGAGE
1733593,37000.0,San Juan Unified School District,MORTGAGE
65597539,100000.0,Sales Agent,MORTGAGE
16740904,115000.0,Vice President General Manager,MORTGAGE
58749627,205000.0,"Vice President, Human Resources",MORTGAGE
49282491,500000.0,Vice President,RENT
70426490,50000.0,Driver,RENT
70329395,55000.0,Safety Manager,MORTGAGE
21027525,65000.0,Sales ,RENT
61261297,140000.0,Sr. Infrastructure Engineer,MORTGAGE
45231221,45000.0,wearhouse,MORTGAGE
49585508,90000.0,Owner,RENT
72610079,33400.0,Corrections Officer,RENT
42702461,62300.0,Electronics Technologist,RENT
58730029,126000.0,Peace Officer,MORTGAGE
8332071,265000.0,Cisco Systems,RENT
35995173,96000.0,Associate Media Director,MORTGAGE
7212996,36000.0,Children & Families First,RENT
55659376,50000.0,Manager,MORTGAGE
43287907,90000.0,Compliance Director,RENT
11972463,110000.0,"Environmental, Health, & Safety Manager",MORTGAGE
46952674,22000.0,ELECTRICIAN,RENT
2156809,72000.0,Ocoee Church of God,MORTGAGE
26266717,66500.0,Land Technician,RENT
51995469,165000.0,Director of Sales ,RENT
71105139,25000.0,Van Driver- CNA,RENT
46931672,56316.0,Supply Chain Investigator,RENT
59714246,46000.0,Office Manager,OWN
72070256,53000.0,Assistant Store Manager,RENT
5787146,50700.0,Belair-Edison Neighborhoods Inc.,MORTGAGE
1676997,60000.0,Benefit Investment Group,MORTGAGE
43887476,76472.0,Cable Splicer,MORTGAGE
58105367,54560.0,OWNER,MORTGAGE
1210735,36000.0,garrett's resturant,RENT
11999868,86202.97,registered nurse,MORTGAGE
63117781,87300.0,Purchasing Manager,OWN
43347603,65726.43,BANKING OFFICER,MORTGAGE
24043936,75000.0,president,MORTGAGE
11568445,200000.0,Manager,MORTGAGE
47327553,50000.0,Warehouse,RENT
1782403,63000.0,Duke University Health System,RENT
25466112,58000.0,Cloud Services Technician,MORTGAGE
54585617,59000.0,store manager,RENT
55247730,66161.0,rural carrier,OWN
69495774,135000.0,Equipment operator,OWN
63197428,130000.0,Senior Director of Sales,RENT
68439586,16000.0,AmeriCorps Vista Leader,RENT
43818420,52000.0,Finance/Accounts Payable,RENT
64547736,104000.0,Chief operating officer,MORTGAGE
23041495,80000.0,electrician,MORTGAGE
71318221,125000.0,Talent Recruiter,OWN
70354101,150000.0,Principal,MORTGAGE
53865072,46673.0,otr truck driver,MORTGAGE
10296814,74000.0,Public Health Advisor,RENT
8709534,72000.0,911/police dispatcher,MORTGAGE
70334794,120000.0,Sales,RENT
55408425,46000.0,team leader,MORTGAGE
59672185,19641.0,cook,OWN
9387150,43000.0,Accounting,RENT
15049820,60000.0,Package Manager,RENT
71319000,70000.0,Software Developer,OWN
12097315,50000.0,Tech.,MORTGAGE
34792887,62000.0,Professor,MORTGAGE
1314231,74000.0,Leapfrog,RENT
61048496,80000.0,Sr. Accountant,MORTGAGE
54786565,29140.0,Concierge,RENT
66374121,63000.0,budget analst,MORTGAGE
8570348,95000.0,Bank of America,MORTGAGE
61310899,62000.0,Corrections Officer,MORTGAGE
10788903,180000.0,Area Manager,RENT
11969332,60000.0,Reporting Analyst,MORTGAGE
60897058,90000.0,SR. Mechanical Technician,OWN
8997492,60000.0,maintenance,OWN
14717965,26000.0,Cliet Representative,RENT
48034499,55000.0,benefit advisor,OWN
62553089,48000.0,Teacher,OWN
13688255,60000.0,laborer,MORTGAGE
49746780,150000.0,Senior Vice President,MORTGAGE
4592225,205000.0,Jones Day,RENT
13867035,60000.0,RN,RENT
4673031,53000.0,Government,RENT
7347099,30000.0,Kindred Healthcare,RENT
17442195,60000.0,,MORTGAGE
56327973,53500.0,Lead Tech Support,RENT
52546354,69000.0,POKER DEALER,RENT
68340057,114900.0,analyst,OWN
59942554,117000.0,Enterprise Sales Manager,MORTGAGE
500880,100000.0,Global Credit Services,RENT
57415353,310000.0,Senior Vice President,RENT
59582209,36000.0,Adjunct Professor \ Administrator,OWN
49959199,221000.0,CPA,MORTGAGE
11387115,55000.0,,RENT
4026946,275000.0,Sheridan healthcare,MORTGAGE
1408268,50956.0,Coastal Community Hospital,MORTGAGE
12649364,80000.0,,RENT
834785,60500.0,Konica Minolta Business Solutions,RENT
54259265,73000.0,Administrative Assistant,OWN
54259311,225000.0,CEO,MORTGAGE
55328571,66000.0,Staff Accountant,RENT
66432449,86000.0,Electrician,RENT
1210858,66000.0,Geographic Solutions,MORTGAGE
59429348,145000.0,International Regional Business Manager,MORTGAGE
641844,58000.0,WGNO-WNOL,RENT
63009779,20000.0,Secretary,RENT
664985,40000.0,Pappas & Pappas LLC Group,RENT
13667253,52178.0,Sr. Adm. Secretary,OWN
1841352,100000.0,Panasonic of North America,MORTGAGE
49963289,209000.0,,RENT
8449957,38937.6,BVSD,RENT
41428358,65000.0,RN CM ,RENT
71340592,25000.0,Truck Driver ,OWN
69505424,45750.0,Superintendent ,MORTGAGE
70049426,185000.0,Creative Director,RENT
40741026,110000.0,Applications Admin,MORTGAGE
55338206,105000.0,IT Program Manager ,MORTGAGE
59690845,152160.0,Partnership Business Development Exec,MORTGAGE
57336167,41300.0,Service Technician,RENT
41240989,130000.0,Operations Engineer,RENT
57779211,185000.0,Legal Administrator,OWN
16170322,60000.0,Project manager,RENT
67829626,158000.0,Director clinical operations,MORTGAGE
16460559,84000.0,Admissions director,MORTGAGE
41411437,52000.0,Designer,RENT
58115670,60000.0,master technician,RENT
13937604,44500.0,Accountant,MORTGAGE
60828625,39000.0,housekeeper,MORTGAGE
47013533,100000.0,Supervisor,MORTGAGE
35994644,125000.0,Principal,MORTGAGE
32688412,75000.0,Medical assistant ,MORTGAGE
32527844,200000.0,Vice President,MORTGAGE
49769146,40000.0,Jeweler,RENT
70000630,57600.0,,MORTGAGE
5458073,60000.0,Round Rock ISD,RENT
23854092,75000.0,Vice President ,MORTGAGE
32888938,85000.0,Truck driver,MORTGAGE
59034316,117000.0,Sr. IT Project Manager,MORTGAGE
56995568,103000.0,Project Manager,RENT
59649746,62000.0,instrument fitter,MORTGAGE
40523409,32000.0,Laborer,RENT
26637691,32000.0,Waitress,RENT
44806874,70000.0,Case Manager,MORTGAGE
64019889,58000.0,Machinist,RENT
