School Name,Location Code,District,New?
P.S. 015 ROBERTO CLEMENTE,01M015,1,Y
P.S. 019 ASHER LEVY,01M019,1,Y
P.S. 020 ANNA SILVER,01M020,1,Y
P.S. 034 FRANKLIN D. ROOSEVELT,01M034,1,Y
THE STAR ACADEMY - P.S.63,01M063,1,Y
P.S. 064 ROBERT SIMON,01M064,1,Y
P.S. 110 FLORENCE NIGHTINGALE,01M110,1,Y
P.S. 134 HENRIETTA SZOLD,01M134,1,Y
P.S. 140 NATHAN STRAUS,01M140,1,Y
P.S. 142 AMALIA CASTRO,01M142,1,Y
P.S. 184M SHUANG WEN,01M184,1,Y
P.S. 188 THE ISLAND SCHOOL,01M188,1,Y
ORCHARD COLLEGIATE ACADEMY,01M292,1,Y
"TECHNOLOGY, ARTS, AND SCIENCES STUDIO",01M301,1,Y
THE EAST VILLAGE COMMUNITY SCHOOL,01M315,1,Y
UNIVERSITY NEIGHBORHOOD MIDDLE SCHOOL,01M332,1,Y
THE CHILDREN'S WORKSHOP SCHOOL,01M361,1,Y
NEIGHBORHOOD SCHOOL,01M363,1,Y
EARTH SCHOOL,01M364,1,Y
SCHOOL FOR GLOBAL LEADERS,01M378,1,Y
EAST SIDE COMMUNITY SCHOOL,01M450,1,Y
"NEW EXPLORATIONS INTO SCIENCE, TECHNOLOGY AND MATH HIGH SCHOOL",01M539,1,Y
TOMPKINS SQUARE MIDDLE SCHOOL,01M839,1,Y
P.S. 001 ALFRED E. SMITH,02M001,2,Y
P.S. 002 MEYER LONDON,02M002,2,Y
P.S. 003 CHARRETTE SCHOOL,02M003,2,Y
P.S. 006 LILLIE D. BLAKE,02M006,2,Y
P.S. 011 WILLIAM T. HARRIS,02M011,2,Y
P.S. 033 CHELSEA PREP,02M033,2,Y
P.S. 040 AUGUSTUS SAINT-GAUDENS,02M040,2,Y
P.S. 041 GREENWICH VILLAGE,02M041,2,Y
P.S. 042 BENJAMIN ALTMAN,02M042,2,Y
P.S. 051 ELIAS HOWE,02M051,2,Y
P.S. 059 BEEKMAN HILL INTERNATIONAL,02M059,2,Y
P.S. 77 LOWER LAB SCHOOL,02M077,2,Y
P.S. 89,02M089,2,Y
J.H.S. 104 SIMON BARUCH,02M104,2,Y
P.S. 111 ADOLPH S. OCHS,02M111,2,Y
EAST SIDE MIDDLE SCHOOL,02M114,2,Y
P.S. 116 MARY LINDLEY MURRAY,02M116,2,Y
P.S. 124 YUNG WING,02M124,2,Y
P.S. 126 JACOB AUGUST RIIS,02M126,2,Y
P.S. 130 HERNANDO DE SOTO,02M130,2,Y
M.S. 131,02M131,2,Y
P.S. 150,02M150,2,Y
YORKVILLE COMMUNITY SCHOOL,02M151,2,Y
P.S. 158 BAYARD TAYLOR,02M158,2,Y
J.H.S. 167 ROBERT F. WAGNER,02M167,2,Y
YORKVILLE EAST MIDDLE SCHOOL,02M177,2,Y
P.S. 183 ROBERT L. STEVENSON,02M183,2,Y
P.S. 198 ISADOR E. IDA STRAUS,02M198,2,Y
P.S. 212 MIDTOWN WEST,02M212,2,Y
P.S./I.S. 217 ROOSEVELT ISLAND,02M217,2,Y
ELLA BAKER SCHOOL,02M225,2,Y
P.S. 234 INDEPENDENCE SCHOOL,02M234,2,Y
M.S. 255 SALK SCHOOL OF SCIENCE,02M255,2,Y
M.S. 260 CLINTON SCHOOL WRITERS & ARTISTS,02M260,2,Y
"EAST SIDE ELEMENTARY SCHOOL, PS 267",02M267,2,Y
BATTERY PARK CITY SCHOOL,02M276,2,Y
I.S. 289,02M289,2,Y
P.S. 290 MANHATTAN NEW SCHOOL,02M290,2,Y
NEW YORK CITY LAB MIDDLE SCHOOL FOR COLLABORATIVE STUDIES,02M312,2,Y
THE PECK SLIP SCHOOL,02M343,2,N
THE 47 AMERICAN SIGN LANGUAGE & ENGLISH LOWER SCHOOL,02M347,2,Y
SPRUCE STREET SCHOOL,02M397,2,Y
INSTITUTE FOR COLLABORATIVE EDUCATION,02M407,2,Y
PROFESSIONAL PERFORMING ARTS HIGH SCHOOL,02M408,2,Y
SCHOOL OF THE FUTURE HIGH SCHOOL,02M413,2,Y
QUEST TO LEARN,02M422,2,Y
"BALLET TECH, NYC PUBLIC SCHOOL FOR DANCE",02M442,2,Y
P.S. 527 - EAST SIDE SCHOOL FOR SOCIAL ACTION,02M527,2,N
LIFE SCIENCES SECONDARY SCHOOL,02M655,2,Y
LOWER MANHATTAN COMMUNITY MIDDLE SCHOOL,02M896,2,Y
CITY KNOLL MIDDLE SCHOOL,02M933,2,Y
P.S. 009 SARAH ANDERSON,03M009,3,Y
J.H.S. 054 BOOKER T. WASHINGTON,03M054,3,Y
P.S. 075 EMILY DICKINSON,03M075,3,Y
P.S. 076 A. PHILIP RANDOLPH,03M076,3,Y
P.S. 084 LILLIAN WEBER,03M084,3,Y
P.S. 087 WILLIAM SHERMAN,03M087,3,Y
"P.S. 145, THE BLOOMINGDALE SCHOOL",03M145,3,Y
P.S. 149 SOJOURNER TRUTH,03M149,3,Y
P.S. 163 ALFRED E. SMITH,03M163,3,Y
P.S. 165 ROBERT E. SIMON,03M165,3,Y
P.S. 166 THE RICHARD RODGERS SCHOOL OF THE ARTS AND TECHNOLOGY,03M166,3,Y
P.S. 180 HUGO NEWMAN,03M180,3,Y
P.S. 191 AMSTERDAM,03M191,3,Y
P.S. 199 JESSIE ISADOR STRAUS,03M199,3,Y
P.S. 208 ALAIN L. LOCKE,03M208,3,Y
STEM INSTITUTE OF MANHATTAN,03M241,3,Y
P.S. 242 - THE YOUNG DIPLOMATS MAGNET ACADEMY,03M242,3,Y
M.S. 243 CENTER SCHOOL,03M243,3,Y
M.S. M245 THE COMPUTER SCHOOL,03M245,3,Y
M.S. M247 DUAL LANGUAGE MIDDLE SCHOOL,03M247,3,Y
M.S. 250 WEST SIDE COLLABORATIVE MIDDLE SCHOOL,03M250,3,Y
M.S. 256 ACADEMIC & ATHLETIC EXCELLENCE,03M256,3,Y
COMMUNITY ACTION SCHOOL - MS 258,03M258,3,Y
WEST END SECONDARY SCHOOL,03M291,3,N
P.S. 333 MANHATTAN SCHOOL FOR CHILDREN,03M333,3,Y
THE ANDERSON SCHOOL,03M334,3,Y
WADLEIGH SECONDARY SCHOOL FOR THE PERFORMING & VISUAL ARTS,03M415,3,Y
WEST PREP ACADEMY,03M421,3,Y
P.S. 452,03M452,3,Y
SPECIAL MUSIC SCHOOL,03M859,3,Y
FREDERICK DOUGLASS ACADEMY II SECONDARY SCHOOL,03M860,3,Y
MOTT HALL II,03M862,3,Y
P.S. 007 SAMUEL STERN,04M007,4,Y
TAG YOUNG SCHOLARS,04M012,4,Y
RIVER EAST ELEMENTARY,04M037,4,Y
P.S. 38 ROBERTO CLEMENTE,04M038,4,Y
P.S. 050 VITO MARCANTONIO,04M050,4,Y
JAMES WELDON JOHNSON,04M057,4,Y
THE LEXINGTON ACADEMY,04M072,4,Y
P.S. 083 LUIS MUNOZ RIVERA,04M083,4,Y
P.S. 096 JOSEPH LANZETTA,04M096,4,Y
P.S. 102 JACQUES CARTIER,04M102,4,Y
P.S. 108 ASSEMBLYMAN ANGELO DEL TORO EDUCATIONAL COMPLEX,04M108,4,Y
P.S. 146 ANN M. SHORT,04M146,4,Y
P.S. 155 WILLIAM PACA,04M155,4,Y
P.S. 171 PATRICK HENRY,04M171,4,Y
THE BILINGUAL BICULTURAL SCHOOL,04M182,4,Y
P.S. 206 JOSE CELSO BARBOSA,04M206,4,Y
M.S. 224 MANHATTAN EAST SCHOOL FOR ARTS & ACADEMICS,04M224,4,Y
ESPERANZA PREPARATORY ACADEMY,04M372,4,Y
MOSAIC PREPARATORY ACADEMY,04M375,4,Y
RENAISSANCE SCHOOL OF THE ARTS,04M377,4,Y
GLOBAL TECHNOLOGY PREPARATORY,04M406,4,Y
CENTRAL PARK EAST I,04M497,4,Y
YOUNG WOMEN'S LEADERSHIP SCHOOL,04M610,4,Y
ISAAC NEWTON MIDDLE SCHOOL FOR MATH & SCIENCE,04M825,4,Y
CENTRAL PARK EAST II,04M964,4,Y
P.S. 030 HERNANDEZ/HUGHES,05M030,5,Y
P.S. 036 MARGARET DOUGLAS,05M036,5,Y
P.S. 046 ARTHUR TAPPAN,05M046,5,Y
P.S. 092 MARY MCLEOD BETHUNE,05M092,5,Y
P.S. 123 MAHALIA JACKSON,05M123,5,Y
P.S. 125 RALPH BUNCHE,05M125,5,Y
P.S. 129 JOHN H. FINLEY,05M129,5,Y
P.S. 133 FRED R MOORE,05M133,5,Y
EAGLE ACADEMY FOR YOUNG MEN OF HARLEM,05M148,5,Y
P.S. 154 HARRIET TUBMAN,05M154,5,Y
P.S. 161 PEDRO ALBIZU CAMPOS,05M161,5,Y
P.S. 175 HENRY H GARNET,05M175,5,Y
P.S. 194 COUNTEE CULLEN,05M194,5,Y
P.S. 197 JOHN B. RUSSWURM,05M197,5,Y
P.S. 200- THE JAMES MCCUNE SMITH SCHOOL,05M200,5,Y
URBAN ASSEMBLY ACADEMY FOR FUTURE LEADERS,05M286,5,Y
KAPPA IV,05M302,5,Y
THURGOOD MARSHALL ACADEMY LOWER SCHOOL,05M318,5,Y
COLUMBIA SECONDARY SCHOOL,05M362,5,Y
FREDERICK DOUGLASS ACADEMY,05M499,5,Y
NEW DESIGN MIDDLE SCHOOL,05M514,5,Y
TEACHERS COLLEGE COMMUNITY SCHOOL,05M517,5,N
THURGOOD MARSHALL ACADEMY FOR LEARNING AND SOCIAL CHANGE,05M670,5,Y
P.S. 004 DUKE ELLINGTON,06M004,6,Y
P.S. 005 ELLEN LURIE,06M005,6,Y
P.S. 008 LUIS BELLIARD,06M008,6,Y
P.S. 018 PARK TERRACE,06M018,6,Y
P.S. 028 WRIGHT BROTHERS,06M028,6,Y
P.S. 048 P.O. MICHAEL J. BUCZEK,06M048,6,Y
J.H.S. 052 INWOOD,06M052,6,Y
P.S. 098 SHORAC KAPPOCK,06M098,6,Y
P.S. 115 ALEXANDER HUMBOLDT,06M115,6,Y
P.S. 128 AUDUBON,06M128,6,Y
P.S. 132 JUAN PABLO DUARTE,06M132,6,Y
J.H.S. 143 ELEANOR ROOSEVELT,06M143,6,Y
P.S. 152 DYCKMAN VALLEY,06M152,6,Y
P.S. 153 ADAM CLAYTON POWELL,06M153,6,Y
P.S. 173,06M173,6,Y
PROFESSOR JUAN BOSCH PUBLIC SCHOOL,06M178,6,Y
P.S./I.S. 187 HUDSON CLIFFS,06M187,6,Y
P.S. 189,06M189,6,Y
P.S. 192 JACOB H. SCHIFF,06M192,6,Y
HAMILTON GRANGE MIDDLE SCHOOL,06M209,6,Y
P.S./I.S. 210 - TWENTY-FIRST CENTURY ACADEMY FOR COMMUNITY LEADERSHIP,06M210,6,Y
I.S. 218 SALOME URENA,06M218,6,Y
THE MOTT HALL SCHOOL,06M223,6,Y
PAULA HEDBAVNY SCHOOL,06M278,6,Y
CITY COLLEGE ACADEMY OF THE ARTS,06M293,6,Y
AMISTAD DUAL LANGUAGE SCHOOL,06M311,6,Y
MUSCOTA,06M314,6,Y
M.S. 319 - MARIA TERESA,06M319,6,Y
MIDDLE SCHOOL 322,06M322,6,Y
M.S. 324 - PATRIA MIRABAL,06M324,6,Y
P.S. 325,06M325,6,Y
M.S. 328 - MANHATTAN MIDDLE SCHOOL FOR SCIENTIFIC INQUIRY,06M328,6,Y
COMMUNITY HEALTH ACADEMY OF THE HEIGHTS,06M346,6,Y
WASHINGTON HEIGHTS EXPEDITIONARY LEARNING SCHOOL,06M348,6,Y
HARBOR HEIGHTS,06M349,6,Y
WASHINGTON HEIGHTS ACADEMY,06M366,6,Y
HAMILTON HEIGHTS SCHOOL,06M368,6,Y
CASTLE BRIDGE SCHOOL,06M513,6,N
I.S. 528 BEA FULLER RODGERS SCHOOL,06M528,6,Y
P.S. 001 COURTLANDT SCHOOL,07X001,7,Y
P.S. 5 PORT MORRIS,07X005,7,Y
P.S. 018 JOHN PETER ZENGER,07X018,7,Y
P.S. 025 BILINGUAL SCHOOL,07X025,7,Y
P.S./M.S. 029 MELROSE SCHOOL,07X029,7,Y
P.S. 030 WILTON,07X030,7,Y
P.S./M.S. 031 THE WILLIAM LLOYD GARRISON,07X031,7,Y
P.S. 043 JONAS BRONCK,07X043,7,Y
P.S. 049 WILLIS AVENUE,07X049,7,Y
P.S. 065 MOTHER HALE ACADEMY,07X065,7,Y
J.H.S. 151 LOU GEHRIG,07X151,7,Y
P.S. 154 JONATHAN D. HYATT,07X154,7,Y
P.S. 157 GROVE HILL,07X157,7,Y
P.S. 161 JUAN PONCE DE LEON SCHOOL,07X161,7,Y
J.H.S. 162 LOLA RODRIGUEZ DE TIO,07X162,7,Y
P.S. 179,07X179,7,Y
SOUTH BRONX PREPARATORY: A COLLEGE BOARD SCHOOL,07X221,7,Y
M.S. 223 THE LABORATORY SCHOOL OF FINANCE AND TECHNOLOGY,07X223,7,Y
P.S./I.S. 224,07X224,7,Y
P.S. 277,07X277,7,Y
SOUTH BRONX ACADEMY FOR APPLIED MEDIA,07X296,7,Y
ACADEMY OF PUBLIC RELATIONS,07X298,7,Y
ACADEMY OF APPLIED MATHEMATICS AND TECHNOLOGY,07X343,7,Y
CONCOURSE VILLAGE ELEMENTARY SCHOOL,07X359,7,Y
YOUNG LEADERS ELEMENTARY SCHOOL,07X369,7,Y
HOSTOS-LINCOLN ACADEMY OF SCIENCE,07X500,7,Y
THE URBAN ASSEMBLY BRONX ACADEMY OF LETTERS,07X551,7,Y
P.S. X014 SENATOR JOHN CALANDRA,08X014,8,Y
P.S. 036 UNIONPORT,08X036,8,Y
P.S. 048 JOSEPH R. DRAKE,08X048,8,Y
P.S. 062 INOCENSIO CASANOVA,08X062,8,Y
P.S. 069 JOURNEY PREP SCHOOL,08X069,8,Y
P.S. 071 ROSE E. SCALA,08X071,8,Y
P.S. 072 DR. WILLIAM DORNEY,08X072,8,Y
P.S. 75 SCHOOL OF RESEARCH AND DISCOVERY,08X075,8,Y
P.S. 093 ALBERT G. OLIVER,08X093,8,Y
P.S. 100 ISAAC CLASON,08X100,8,Y
M.S. X101 EDWARD R. BYRNE,08X101,8,Y
P.S. 107,08X107,8,Y
THE DR. EMMETT W. BASSETT SCHOOL,08X119,8,Y
J.H.S. 123 JAMES M. KIERAN,08X123,8,Y
J.H.S. 125 HENRY HUDSON,08X125,8,Y
P.S. 130 ABRAM STEVENS HEWITT,08X130,8,Y
J.H.S. 131 ALBERT EINSTEIN,08X131,8,Y
P.S. 138 SAMUEL RANDALL,08X138,8,Y
P.S. X140 THE EAGLE SCHOOL,08X140,8,Y
P.S. 146 EDWARD COLLINS,08X146,8,Y
P.S. 152 EVERGREEN,08X152,8,Y
P.S. 182,08X182,8,Y
BRONX STUDIO SCHOOL FOR WRITERS AND ARTISTS,08X269,8,Y
M.S. 301 PAUL L. DUNBAR,08X301,8,Y
M.S. 302 LUISA DESSUS CRUZ,08X302,8,Y
P.S. 304 EARLY CHILDHOOD SCHOOL,08X304,8,Y
P.S. 333 - THE MUSEUM SCHOOL,08X333,8,Y
THE ACADEMY OF THE ARTS,08X335,8,Y
THE SCHOOL FOR INQUIRY AND SOCIAL JUSTICE,08X337,8,Y
"ARCHIMEDES ACADEMY FOR MATH, SCIENCE AND TECHNOLOGY APPLICATIONS",08X367,8,Y
URBAN INSTITUTE OF MATHEMATICS,08X371,8,Y
THE BRONX MATHEMATICS PREPARATORY SCHOOL,08X375,8,Y
ANTONIA PANTOJA PREPARATORY ACADEMY: A COLLEGE BOARD SCHOOL,08X376,8,Y
THE HUNTS POINT SCHOOL,08X424,8,Y
SOUNDVIEW ACADEMY FOR CULTURE AND SCHOLARSHIP,08X448,8,Y
MOTT HALL COMMUNITY SCHOOL,08X467,8,Y
BLUEPRINT MIDDLE SCHOOL,08X562,8,Y
P.S./M.S. 004 CROTONA PARK WEST,09X004,9,Y
P.S. 011 HIGHBRIDGE,09X011,9,Y
J.H.S. 022 JORDAN L. MOTT,09X022,9,Y
P.S. 028 MOUNT HOPE,09X028,9,Y
P.S. 035 FRANZ SIEGEL,09X035,9,Y
P.S. 042 CLAREMONT,09X042,9,Y
P.S. 053 BASHEER QUISIM,09X053,9,Y
P.S. 055 BENJAMIN FRANKLIN,09X055,9,Y
P.S. 058,09X058,9,Y
P.S. 063 AUTHOR'S ACADEMY,09X063,9,Y
P.S. 070 MAX SCHOENFELD,09X070,9,Y
P.S. 073 BRONX,09X073,9,Y
P.S. X088 - S. SILVERSTEIN LITTLE SPARROW SCHOOL,09X088,9,Y
P.S. 109 SEDGWICK,09X109,9,Y
P.S. 110 THEODORE SCHOENFELD,09X110,9,Y
P.S. X114 - LUIS LLORENS TORRES SCHOOLS,09X114,9,Y
I.S. 117 JOSEPH H. WADE,09X117,9,Y
P.S. 126 DR MARJORIE H DUNBAR,09X126,9,Y
MOTT HALL III,09X128,9,Y
P.S. 132 GARRET A. MORGAN,09X132,9,Y
J.H.S. 145 ARTURO TOSCANINI,09X145,9,Y
P.S. 163 ARTHUR A. SCHOMBURG,09X163,9,Y
P.S. 199X - THE SHAKESPEARE SCHOOL,09X199,9,Y
P.S. 204 MORRIS HEIGHTS,09X204,9,Y
KAPPA,09X215,9,Y
P.S./I.S. 218 RAFAEL HERNANDEZ DUAL LANGUAGE MAGNET SCHOOL,09X218,9,Y
I.S. 219 NEW VENTURE SCHOOL,09X219,9,Y
I.S. 229 ROLAND PATTERSON,09X229,9,Y
EAGLE ACADEMY FOR YOUNG MEN,09X231,9,Y
I.S. 232,09X232,9,Y
P.S. 236 LANGSTON HUGHES,09X236,9,Y
"URBAN ASSEMBLY SCHOOL FOR APPLIED MATH AND SCIENCE, THE",09X241,9,Y
THE NEW AMERICAN ACADEMY AT ROBERTO CLEMENTE STATE PARK,09X274,9,Y
THE WALTON AVENUE SCHOOL,09X294,9,Y
I.S. X303 LEADERSHIP & COMMUNITY SERVICE,09X303,9,Y
LUCERO ELEMENTARY SCHOOL,09X311,9,Y
I.S. 313 SCHOOL OF LEADERSHIP DEVELOPMENT,09X313,9,Y
BRONX WRITING ACADEMY,09X323,9,Y
BRONX EARLY COLLEGE ACADEMY FOR TEACHING & LEARNING,09X324,9,Y
URBAN SCIENCE ACADEMY,09X325,9,Y
COMPREHENSIVE MODEL SCHOOL PROJECT M.S. 327,09X327,9,Y
NEW MILLENNIUM BUSINESS ACADEMY MIDDLE SCHOOL,09X328,9,Y
I.S. 339,09X339,9,Y
NEW DIRECTIONS SECONDARY SCHOOL,09X350,9,Y
THE HIGHBRIDGE GREEN SCHOOL,09X361,9,Y
BRONX HIGH SCHOOL FOR MEDICAL SCIENCE,09X413,9,Y
THE FAMILY SCHOOL,09X443,9,Y
GRANT AVENUE ELEMENTARY SCHOOL,09X449,9,Y
SCIENCE AND TECHNOLOGY ACADEMY: A MOTT HALL SCHOOL,09X454,9,Y
SHERIDAN ACADEMY FOR YOUNG LEADERS,09X457,9,Y
"BRONX SCHOOL FOR LAW, GOVERNMENT AND JUSTICE",09X505,9,Y
MOUNT EDEN CHILDREN'S ACADEMY,09X555,9,Y
YOUNG WOMEN'S LEADERSHIP SCHOOL OF THE BRONX,09X568,9,Y
P.S. 3 RAUL JULIA MICRO SOCIETY,10X003,10,Y
MILTON FEIN SCHOOL,10X007,10,Y
P.S. 008 ISAAC VARIAN,10X008,10,Y
P.S. 9 RYER AVENUE ELEMENTARY SCHOOL,10X009,10,Y
P.S. X015 INSTITUTE FOR ENVIRONMENTAL LEARNING,10X015,10,Y
"P.S./M.S. 20 P.O.GEORGE J. WERDANN, III",10X020,10,Y
P.S. 023 THE NEW CHILDREN'S SCHOOL,10X023,10,Y
P.S. 024 SPUYTEN DUYVIL,10X024,10,Y
P.S. 032 BELMONT,10X032,10,Y
P.S. 033 TIMOTHY DWIGHT,10X033,10,Y
P.S. X037 - MULTIPLE INTELLIGENCE SCHOOL,10X037,10,Y
THOMAS C. GIORDANO MIDDLE SCHOOL 45,10X045,10,Y
P.S. 046 EDGAR ALLAN POE,10X046,10,Y
P.S. 051 BRONX NEW SCHOOL,10X051,10,Y
P.S./I.S. 54,10X054,10,Y
P.S. 056 NORWOOD HEIGHTS,10X056,10,Y
P.S. 059 THE COMMUNITY SCHOOL OF TECHNOLOGY,10X059,10,Y
J.H.S. 080 THE MOSHOLU PARKWAY,10X080,10,Y
P.S. 081 ROBERT J. CHRISTEN,10X081,10,Y
P.S. 085 GREAT EXPECTATIONS,10X085,10,Y
P.S. 086 KINGSBRIDGE HEIGHTS,10X086,10,Y
P.S. 091 BRONX,10X091,10,Y
P.S. 094 KINGS COLLEGE SCHOOL,10X094,10,Y
P.S. 095 SHEILA MENCHER,10X095,10,Y
J.H.S. 118 WILLIAM W. NILES,10X118,10,Y
RIVERDALE / KINGSBRIDGE ACADEMY (MIDDLE SCHOOL / HIGH SCHOOL 141),10X141,10,Y
P.S. 159 LUIS MUNOZ MARIN BILING,10X159,10,Y
P.S. 205 FIORELLO LAGUARDIA,10X205,10,Y
I.S. 206 ANN MERSEREAU,10X206,10,Y
THEATRE ARTS PRODUCTION COMPANY SCHOOL,10X225,10,Y
P.S. 226,10X226,10,Y
JONAS BRONCK ACADEMY,10X228,10,Y
WEST BRONX ACADEMY FOR THE FUTURE,10X243,10,Y
THE NEW SCHOOL FOR LEADERSHIP AND JOURNALISM,10X244,10,Y
P.S. 246 POE CENTER,10X246,10,Y
I.S. 254,10X254,10,Y
"P.S. 279 CAPTAIN MANUEL RIVERA, JR.",10X279,10,Y
P.S./M.S. 280 MOSHOLU PARKWAY,10X280,10,Y
P.S. 291,10X291,10,Y
P.S. 306,10X306,10,Y
LUISA PINEIRO FUENTES SCHOOL OF SCIENCE AND DISCOVERY,10X307,10,Y
BRONX DANCE ACADEMY SCHOOL,10X308,10,Y
P.S. 310 MARBLE HILL,10X310,10,Y
P.S. 315 LAB SCHOOL,10X315,10,Y
THE BRONX SCHOOL OF YOUNG LEADERS,10X331,10,Y
P.S. 340,10X340,10,Y
INTERNATIONAL SCHOOL FOR LIBERAL ARTS,10X342,10,Y
AMPARK NEIGHBORHOOD,10X344,10,Y
P.S. 360,10X360,10,Y
ACADEMY FOR PERSONAL LEADERSHIP AND EXCELLENCE,10X363,10,Y
IN-TECH ACADEMY (M.S. / HIGH SCHOOL 368),10X368,10,Y
"ELEMENTARY SCHOOL FOR MATH, SCIENCE, AND TECHNOLOGY",10X382,10,Y
SCHOOL FOR ENVIRONMENTAL CITIZENSHIP,10X386,10,Y
M.S. 390,10X390,10,Y
THE ANGELO PATRI MIDDLE SCHOOL,10X391,10,Y
P.S. 396,10X396,10,Y
CRESTON ACADEMY,10X447,10,Y
EAST FORDHAM ACADEMY FOR THE ARTS,10X459,10,Y
P.S. 016 WAKEFIELD,11X016,11,Y
P.S. 019 JUDITH K. WEISS,11X019,11,Y
P.S. 021 PHILIP H. SHERIDAN,11X021,11,Y
P.S. 041 GUN HILL ROAD,11X041,11,Y
P.S. 068 BRONX,11X068,11,Y
P.S. 076 THE BENNINGTON SCHOOL,11X076,11,Y
P.S. 078 ANNE HUTCHINSON,11X078,11,Y
P.S. 083 DONALD HERTZ,11X083,11,Y
P.S. 087 BRONX,11X087,11,Y
P.S. 089 BRONX,11X089,11,Y
P.S. 096 RICHARD RODGERS,11X096,11,Y
P.S. 097 BRONX,11X097,11,Y
P.S. 103 HECTOR FONTANEZ,11X103,11,Y
P.S. 105 SEN ABRAHAM BERNSTEIN,11X105,11,Y
P.S. 106 PARKCHESTER,11X106,11,Y
P.S. 108 PHILIP J. ABINANTI,11X108,11,Y
P.S. 111 SETON FALLS,11X111,11,Y
P.S. 112 BRONXWOOD,11X112,11,Y
P.S. 121 THROOP,11X121,11,Y
J.H.S. 127 THE CASTLE HILL,11X127,11,Y
J.H.S. 144 MICHELANGELO,11X144,11,Y
P.S. 153 HELEN KELLER,11X153,11,Y
P.S. 160 WALT DISNEY,11X160,11,Y
BAYCHESTER ACADEMY,11X169,11,Y
P.S. 175 CITY ISLAND,11X175,11,Y
P.S. 178 - DR. SELMAN WAKSMAN,11X178,11,Y
M.S. 180 DR. DANIEL HALE WILLIAMS,11X180,11,Y
I.S. 181 PABLO CASALS,11X181,11,Y
CORNERSTONE ACADEMY FOR SOCIAL ACTION,11X189,11,Y
P.S./M.S. 194,11X194,11,Y
NORTH BRONX SCHOOL OF EMPOWERMENT,11X287,11,Y
THE YOUNG SCHOLARS ACADEMY OF THE BRONX,11X289,11,Y
BRONX GREEN MIDDLE SCHOOL,11X326,11,Y
BRONX ALLIANCE MIDDLE SCHOOL,11X355,11,Y
LEADERS OF TOMORROW,11X370,11,Y
CORNERSTONE ACADEMY FOR SOCIAL ACTION MIDDLE SCHOOL (CASA),11X462,11,Y
PELHAM ACADEMY OF ACADEMICS AND COMMUNITY ENGAGEMENT,11X468,11,Y
P.S./M.S. 11X498 - VAN NEST ACADEMY,11X498,11,Y
ONE WORLD MIDDLE SCHOOL AT EDENWALD,11X529,11,Y
BAYCHESTER MIDDLE SCHOOL,11X532,11,Y
BRONX PARK MIDDLE SCHOOL,11X556,11,Y
PELHAM GARDENS MIDDLE SCHOOL,11X566,11,Y
LINDEN TREE ELEMENTARY SCHOOL,11X567,11,N
P.S. 006 WEST FARMS,12X006,12,Y
P.S. 044 DAVID C. FARRAGUT,12X044,12,Y
P.S. 047 JOHN RANDOLPH,12X047,12,Y
P.S. 057 CRESCENT,12X057,12,Y
P.S. 061 FRANCISCO OLLER,12X061,12,Y
P.S. 066 SCHOOL OF HIGHER EXPECTATIONS,12X066,12,Y
P.S. 067 MOHEGAN SCHOOL,12X067,12,Y
P.S. 092 BRONX,12X092,12,Y
J.H.S. 098 HERMAN RIDDER,12X098,12,Y
M.S. 129 ACADEMY FOR INDEPENDENT LEARNING AND LEADERSHIP,12X129,12,Y
P.S. 134 GEORGE F. BRISTOW,12X134,12,Y
P.S. 150 CHARLES JAMES FOX,12X150,12,Y
E.S.M.T- I.S. 190,12X190,12,Y
P.S. 195,12X195,12,Y
P.S. 196,12X196,12,Y
P.S. 211,12X211,12,Y
P.S. 212,12X212,12,Y
P.S. 214,12X214,12,Y
SCHOOL OF PERFORMING ARTS,12X217,12,Y
MOTT HALL V,12X242,12,Y
BRONX LATIN,12X267,12,Y
EAST BRONX ACADEMY FOR THE FUTURE,12X271,12,Y
FREDERICK DOUGLASS ACADEMY V. MIDDLE SCHOOL,12X273,12,Y
FANNIE LOU HAMER MIDDLE SCHOOL,12X286,12,Y
THE SCHOOL OF SCIENCE AND APPLIED LEARNING,12X300,12,Y
FAIRMONT NEIGHBORHOOD SCHOOL,12X314,12,Y
KAPPA III,12X316,12,Y
"I.S. X318 MATH, SCIENCE & TECHNOLOGY THROUGH ARTS",12X318,12,Y
ACCION ACADEMY,12X341,12,Y
URBAN ASSEMBLY SCHOOL FOR WILDLIFE CONSERVATION,12X372,12,Y
EMOLIOR ACADEMY,12X383,12,Y
ENTRADA ACADEMY,12X384,12,Y
URBAN SCHOLARS COMMUNITY SCHOOL,12X463,12,Y
ARCHER ELEMENTARY SCHOOL,12X531,12,Y
P.S. 536,12X536,12,Y
BRONX LITTLE SCHOOL,12X691,12,Y
P.S. 003 THE BEDFORD VILLAGE,13K003,13,Y
P.S. 008 ROBERT FULTON,13K008,13,Y
P.S. 009 TEUNIS G. BERGEN,13K009,13,Y
P.S. 011 PURVIS J. BEHAN,13K011,13,Y
P.S. 020 CLINTON HILL,13K020,13,Y
P.S. 044 MARCUS GARVEY,13K044,13,Y
P.S. 046 EDWARD C. BLUM,13K046,13,Y
P.S. 054 SAMUEL C. BARNES,13K054,13,Y
P.S. 056 LEWIS H. LATIMER,13K056,13,Y
P.S. 067 CHARLES A. DORSEY,13K067,13,Y
P.S. 093 WILLIAM H. PRESCOTT,13K093,13,Y
M.S. 113 RONALD EDMONDS LEARNING CENTER,13K113,13,Y
P.S. 133 WILLIAM A. BUTLER,13K133,13,Y
P.S. 256 BENJAMIN BANNEKER,13K256,13,Y
DR. SUSAN S. MCKINNEY SECONDARY SCHOOL OF THE ARTS,13K265,13,Y
M.S. K266 - PARK PLACE COMMUNITY MIDDLE SCHOOL,13K266,13,Y
P.S. 270 JOHANN DEKALB,13K270,13,Y
P.S. 282 PARK SLOPE,13K282,13,Y
P.S. 287 BAILEY K. ASHFORD,13K287,13,Y
SATELLITE EAST MIDDLE SCHOOL,13K301,13,Y
P.S. 305 DR. PETER RAY,13K305,13,Y
P.S. 307 DANIEL HALE WILLIAMS,13K307,13,Y
SATELLITE WEST MIDDLE SCHOOL,13K313,13,Y
THE URBAN ASSEMBLY UNISON SCHOOL,13K351,13,Y
ACADEMY OF ARTS AND LETTERS,13K492,13,Y
URBAN ASSEMBLY INSTITUTE OF MATH AND SCIENCE FOR YOUNG WOMEN,13K527,13,Y
FORT GREENE PREPARATORY ACADEMY,13K691,13,Y
P.S. 016 LEONARD DUNKLY,14K016,14,Y
P.S. 017 HENRY D. WOODWORTH,14K017,14,Y
P.S. 018 EDWARD BUSH,14K018,14,Y
P.S. 023 CARTER G. WOODSON,14K023,14,Y
P.S. 031 SAMUEL F. DUPONT,14K031,14,Y
P.S. 034 OLIVER H. PERRY,14K034,14,Y
J.H.S. 050 JOHN D. WELLS,14K050,14,Y
P.S. 059 WILLIAM FLOYD,14K059,14,Y
JUAN MOREL CAMPOS SECONDARY SCHOOL,14K071,14,Y
P.S. 084 JOSE DE DIEGO,14K084,14,Y
P.S. 110 THE MONITOR,14K110,14,Y
P.S. 120 CARLOS TAPIA,14K120,14,Y
JOHN ERICSSON MIDDLE SCHOOL 126,14K126,14,Y
P.S. 132 THE CONSELYEA SCHOOL,14K132,14,Y
P.S. 147 ISAAC REMSEN,14K147,14,Y
P.S./I.S. 157 THE BENJAMIN FRANKLIN HEALTH & SCIENCE ACADEMY,14K157,14,Y
P.S. 196 TEN EYCK,14K196,14,Y
P.S. 250 GEORGE H. LINDSAY,14K250,14,Y
P.S. 257 JOHN F. HYLAN,14K257,14,Y
P.S. 297 ABRAHAM STOCKTON,14K297,14,Y
I.S. 318 EUGENIO MARIA DE HOSTOS,14K318,14,Y
P.S. 380 JOHN WAYNE ELEMENTARY,14K380,14,Y
BROOKLYN ARBOR ELEMENTARY SCHOOL,14K414,14,Y
CONSELYEA PREPARATORY SCHOOL,14K577,14,Y
M.S. 582,14K582,14,Y
LYONS COMMUNITY SCHOOL,14K586,14,Y
YOUNG WOMEN'S LEADERSHIP SCHOOL OF BROOKLYN,14K614,14,Y
P.S. 001 THE BERGEN,15K001,15,Y
"MAGNET SCHOOL OF MATH, SCIENCE AND DESIGN TECHNOLOGY",15K010,15,Y
P.S. 015 PATRICK F. DALY,15K015,15,Y
P.S. 024,15K024,15,Y
P.S. 029 JOHN M. HARRIGAN,15K029,15,Y
P.S. 032 SAMUEL MILLS SPROLE,15K032,15,Y
P.S. 038 THE PACIFIC,15K038,15,Y
P.S. 039 HENRY BRISTOW,15K039,15,Y
M.S. 51 WILLIAM ALEXANDER,15K051,15,Y
P.S. 058 THE CARROLL,15K058,15,Y
J.H.S. 088 PETER ROUGET,15K088,15,Y
P.S. 094 THE HENRY LONGFELLOW,15K094,15,Y
P.S. 107 JOHN W. KIMBALL,15K107,15,Y
P.S. 124 SILAS B. DUTCHER,15K124,15,Y
P.S. 130 THE PARKSIDE,15K130,15,Y
P.S. 131 BROOKLYN,15K131,15,Y
I.S. 136 CHARLES O. DEWEY,15K136,15,Y
"THE BROOKLYN NEW SCHOOL, P.S. 146",15K146,15,Y
THE WINDSOR TERRACE SCHOOL,15K154,15,Y
P.S. 169 SUNSET PARK,15K169,15,Y
P.S. 172 BEACON SCHOOL OF EXCELLENCE,15K172,15,Y
P.S. 230 DORIS L. COHEN,15K230,15,Y
P.S. 261 PHILIP LIVINGSTON,15K261,15,Y
P.S. 295,15K295,15,Y
P.S. 321 WILLIAM PENN,15K321,15,Y
P.S. 372 -THE CHILDREN'S SCHOOL,15K418,15,N
DIGITAL ARTS AND CINEMA TECHNOLOGY HIGH SCHOOL,15K429,15,Y
M.S. 442 CARROLL GARDENS SCHOOL FOR INNOVATION,15K442,15,Y
NEW VOICES SCHOOL OF ACADEMIC & CREATIVE ARTS,15K443,15,Y
THE MATH & SCIENCE EXPLORATORY SCHOOL,15K447,15,Y
BROOKLYN SECONDARY SCHOOL FOR COLLABORATIVE STUDIES,15K448,15,Y
PARK SLOPE COLLEGIATE,15K464,15,Y
SCHOOL FOR INTERNATIONAL STUDIES,15K497,15,Y
RED HOOK NEIGHBORHOOD SCHOOL,15K676,15,Y
SUNSET PARK PREP,15K821,15,Y
M.S. 839,15K839,15,N
P.S. 005 DR. RONALD MCNAIR,16K005,16,Y
P.S. 021 CRISPUS ATTUCKS,16K021,16,Y
P.S. 025 EUBIE BLAKE SCHOOL,16K025,16,Y
P.S. 026 JESSE OWENS,16K026,16,Y
P.S. 028 THE WARREN PREP ACADEMY,16K028,16,Y
M.S. 035 STEPHEN DECATUR,16K035,16,Y
P.S. 040 GEORGE W. CARVER,16K040,16,Y
J.H.S. 057 WHITELAW REID,16K057,16,Y
P.S. 081 THADDEUS STEVENS,16K081,16,Y
P.S. 243K- THE WEEKSVILLE SCHOOL,16K243,16,Y
P.S. 262 EL HAJJ MALIK EL SHABAZZ ELEMENTARY SCHOOL,16K262,16,Y
"M.S. 267 MATH, SCIENCE & TECHNOLOGY",16K267,16,Y
P.S. 308 CLARA CARDWELL,16K308,16,Y
P.S. 309 THE GEORGE E. WIBECAN PREPARATORY ACADEMY,16K309,16,Y
P.S. 335 GRANVILLE T. WOODS,16K335,16,Y
M.S. 584,16K584,16,Y
BRIGHTER CHOICE COMMUNITY SCHOOL,16K627,16,Y
BROOKLYN BROWNSTONE SCHOOL,16K628,16,Y
MADIBA PREP MIDDLE SCHOOL,16K681,16,Y
PARKSIDE PREPARATORY ACADEMY,17K002,17,Y
NORMA ADAMS CLEMONS ACADEMY,17K006,17,Y
DR. JACQUELINE PEEK-DAVIS SCHOOL,17K012,23,Y
M.S. 061 DR. GLADSTONE H. ATWELL,17K061,17,Y
P.S. 091 THE ALBANY AVENUE SCHOOL,17K091,17,Y
P.S. 092 ADRIAN HEGEMAN,17K092,17,Y
P.S. 138 BROOKLYN,17K138,17,Y
P.S. 161 THE CROWN,17K161,17,Y
P.S. 181 BROOKLYN,17K181,17,Y
P.S. 189 THE BILINGUAL CENTER,17K189,17,Y
P.S. 191 PAUL ROBESON,17K191,17,Y
P.S. 221 TOUSSAINT L'OUVERTURE,17K221,17,Y
P.S. 241 EMMA L. JOHNSTON,17K241,17,Y
M.S. 246 WALT WHITMAN,17K246,17,Y
P.S. 249 THE CATON,17K249,17,Y
P.S. 289 GEORGE V. BROWER,17K289,17,Y
P.S. 316 ELIJAH STROUD,17K316,17,Y
I.S. 340,17K340,13,Y
EBBETS FIELD MIDDLE SCHOOL,17K352,17,Y
ELIJAH STROUD MIDDLE SCHOOL,17K353,17,Y
THE SCHOOL OF INTEGRATED LEARNING,17K354,17,Y
P.S. 375 JACKIE ROBINSON SCHOOL,17K375,17,Y
ACADEMY FOR COLLEGE PREPARATION AND CAREER EXPLORATION: A COLLEGE BOARD SCHOOL,17K382,17,Y
M.S. K394,17K394,17,Y
P.S. 397 FOSTER-LAURIE,17K397,17,Y
P.S. 398 WALTER WEAVER,17K398,17,Y
P.S. 399 STANLEY EUGENE CLARK,17K399,17,Y
RONALD EDMONDS LEARNING CENTER II,17K484,23,Y
"SCHOOL FOR HUMAN RIGHTS, THE",17K531,17,Y
NEW BRIDGES ELEMENTARY,17K532,17,Y
SCHOOL FOR DEMOCRACY AND LEADERSHIP,17K533,17,Y
"SCIENCE, TECHNOLOGY AND RESEARCH EARLY COLLEGE HIGH SCHOOL AT ERASMUS",17K543,17,Y
MEDGAR EVERS COLLEGE PREPARATORY SCHOOL,17K590,17,Y
BROOKLYN ARTS AND SCIENCE ELEMENTARY SCHOOL,17K705,17,Y
NEW HEIGHTS MIDDLE SCHOOL,17K722,17,Y
P.S. 770 NEW AMERICAN ACADEMY,17K770,17,Y
P.S. 66,18K066,18,Y
I.S. 068 ISAAC BILDERSEE,18K068,18,Y
P.S. 114 RYDER ELEMENTARY,18K114,18,Y
P.S. 115 DANIEL MUCATEL SCHOOL,18K115,18,Y
P.S. 135 SHELDON A. BROOKNER,18K135,18,Y
P.S. 208 ELSA EBELING,18K208,18,Y
I.S. 211 JOHN WILSON,18K211,18,Y
P.S. 219 KENNEDY-KING,18K219,18,Y
P.S. 233 LANGSTON HUGHES,18K233,18,Y
P.S. 235 JANICE MARIE KNIGHT SCHOOL,18K235,18,Y
P.S. 244 RICHARD R. GREEN,18K244,18,Y
P.S. 268 EMMA LAZARUS,18K268,18,Y
P.S. 272 CURTIS ESTABROOK,18K272,18,Y
P.S. 276 LOUIS MARSHALL,18K276,18,Y
P.S. 279 HERMAN SCHREIBER,18K279,18,Y
I.S. 285 MEYER LEVIN,18K285,18,Y
THE SCIENCE AND MEDICINE MIDDLE SCHOOL,18K366,18,Y
EAST FLATBUSH COMMUNITY RESEARCH SCHOOL,18K581,18,Y
MIDDLE SCHOOL FOR ART AND PHILOSOPHY,18K588,18,Y
MIDDLE SCHOOL OF MARKETING AND LEGAL STUDIES,18K598,18,Y
BROOKLYN SCIENCE AND ENGINEERING ACADEMY,18K763,18,Y
P.S. 007 ABRAHAM LINCOLN,19K007,19,Y
P.S. 013 ROBERTO CLEMENTE,19K013,19,Y
P.S. 065,19K065,19,Y
P.S. 089 CYPRESS HILLS,19K089,19,Y
P.S. 108 SAL ABBRACCIAMENTO,19K108,19,Y
P.S. 149 DANNY KAYE,19K149,19,Y
P.S. 158 WARWICK,19K158,19,Y
P.S. 159 ISAAC PITKIN,19K159,19,Y
I.S. 171 ABRAHAM LINCOLN,19K171,19,Y
P.S. 190 SHEFFIELD,19K190,19,Y
P.S. 202 ERNEST S. JENKYNS,19K202,19,Y
P.S. 213 NEW LOTS,19K213,19,Y
P.S. 214 MICHAEL FRIEDSAM,19K214,19,Y
J.H.S. 218 JAMES P. SINNOTT,19K218,19,Y
P.S. 224 HALE A. WOODRUFF,19K224,19,Y
P.S. 273 WORTMAN,19K273,19,Y
P.S. 290 JUAN MOREL CAMPOS,19K290,19,Y
J.H.S. 292 MARGARET S. DOUGLAS,19K292,19,Y
P.S. 306 ETHAN ALLEN,19K306,19,Y
ESSENCE SCHOOL,19K311,19,Y
THE FRESH CREEK SCHOOL,19K325,19,Y
P.S. 328 PHYLLIS WHEATLEY,19K328,19,Y
P.S. 345 PATROLMAN ROBERT BOLDEN,19K345,19,Y
P.S. 346 ABE STARK,19K346,19,Y
I.S. 364 GATEWAY,19K364,19,Y
ACADEMY FOR YOUNG WRITERS,19K404,19,Y
EAST NEW YORK FAMILY ACADEMY,19K409,19,Y
SPRING CREEK COMMUNITY SCHOOL,19K422,19,Y
FREDERICK DOUGLASS ACADEMY VIII MIDDLE SCHOOL,19K452,19,Y
BROOKLYN GARDENS ELEMENTARY SCHOOL,19K557,19,Y
VAN SICLEN COMMUNITY MIDDLE SCHOOL,19K654,19,Y
VISTA ACADEMY,19K661,19,Y
LIBERTY AVENUE MIDDLE SCHOOL,19K662,19,Y
SCHOOL OF THE FUTURE BROOKLYN,19K663,19,Y
EAST NEW YORK ELEMENTARY SCHOOL OF EXCELLENCE,19K677,19,Y
EAST NEW YORK MIDDLE SCHOOL OF EXCELLENCE,19K678,19,Y
HIGHLAND PARK COMMUNITY SCHOOL,19K760,19,Y
P.S./I.S. 30 MARY WHITE OVINGTON,20K030,20,Y
P.S. 048 MAPLETON,20K048,20,Y
J.H.S. 062 DITMAS,20K062,20,Y
P.S. 69 VINCENT D. GRIPPO SCHOOL,20K069,20,Y
P.S. 102 THE BAYVIEW,20K102,20,Y
P.S./I.S. 104 THE FORT HAMILTON SCHOOL,20K104,20,Y
P.S. 105 THE BLYTHEBOURNE,20K105,20,Y
P.S. 112 LEFFERTS PARK,20K112,20,Y
P.S. 127 MCKINLEY PARK,20K127,20,Y
P.S. 160 WILLIAM T. SAMPSON,20K160,20,Y
P.S. 163 BATH BEACH,20K163,20,Y
P.S. 164 CAESAR RODNEY,20K164,20,Y
RALPH A. FABRIZIO SCHOOL,20K170,20,Y
P.S. 176 OVINGTON,20K176,20,Y
P.S. 179 KENSINGTON,20K179,20,Y
THE SEEALL ACADEMY,20K180,20,Y
P.S. 185 WALTER KASSENBROCK,20K185,20,Y
P.S. 186 DR. IRVING A GLADSTONE,20K186,20,Y
THE CHRISTA MCAULIFFE SCHOOL\I.S. 187,20K187,20,Y
P.S. 192 - THE MAGNET SCHOOL FOR MATH AND SCIENCE INQUIRY,20K192,20,Y
P.S. 200 BENSON SCHOOL,20K200,20,Y
J.H.S. 201 THE DYKER HEIGHTS,20K201,20,Y
P.S. 204 VINCE LOMBARDI,20K204,20,Y
P.S. 205 CLARION,20K205,20,Y
J.H.S. 220 JOHN J. PERSHING,20K220,20,Y
J.H.S. 223 THE MONTAUK,20K223,20,Y
J.H.S. 227 EDWARD B. SHALLOW,20K227,20,Y
P.S. 229 DYKER,20K229,20,Y
P.S. 247 BROOKLYN,20K247,20,Y
J.H.S. 259 WILLIAM MCKINLEY,20K259,20,Y
P.S. 264 BAY RIDGE ELEMENTARY SCHOOL FOR THE ARTS,20K264,20,Y
THE SCHOOL FOR FUTURE LEADERS,20K310,20,Y
P.S. 503: THE SCHOOL OF DISCOVERY,20K503,20,Y
P.S. 506: THE SCHOOL OF JOURNALISM & TECHNOLOGY,20K506,20,Y
URBAN ASSEMBLY SCHOOL FOR CRIMINAL JUSTICE,20K609,20,Y
THE ACADEMY OF TALENTED SCHOLARS,20K682,20,Y
BROOKLYN SCHOOL OF INQUIRY,20K686,20,Y
P.S. 748 BROOKLYN SCHOOL FOR GLOBAL SCHOLARS,20K748,20,Y
"SCHOOL OF MATH, SCIENCE, AND HEALTHY LIVING",20K971,20,Y
P.S. 90 EDNA COHEN SCHOOL,21K090,21,Y
P.S. 095 THE GRAVESEND,21K095,21,Y
I.S. 096 SETH LOW,21K096,21,Y
P.S. 97 THE HIGHLAWN,21K097,21,Y
I.S. 98 BAY ACADEMY,21K098,21,Y
P.S. 099 ISAAC ASIMOV,21K099,21,Y
P.S. 100 THE CONEY ISLAND SCHOOL,21K100,21,Y
P.S. 101 THE VERRAZANO,21K101,21,Y
P.S. 121 NELSON A. ROCKEFELLER,21K121,21,Y
P.S. 128 BENSONHURST,21K128,21,Y
P.S. 153 HOMECREST,21K153,21,Y
P.S. 177 THE MARLBORO,21K177,21,Y
P.S. 188 MICHAEL E. BERDY,21K188,21,Y
P.S. 199 FREDERICK WACHTEL,21K199,21,Y
P.S. 209 MARGARET MEAD,21K209,21,Y
P.S. 212 LADY DEBORAH MOODY,21K212,21,Y
P.S. 215 MORRIS H. WEISS,21K215,21,Y
P.S. 216 ARTURO TOSCANINI,21K216,21,Y
P.S. K225 - THE EILEEN E. ZAGLIN,21K225,21,Y
P.S. 226 ALFRED DE B.MASON,21K226,21,Y
I.S. 228 DAVID A. BOODY,21K228,21,Y
P.S. 238 ANNE SULLIVAN,21K238,21,Y
MARK TWAIN I.S. 239 FOR THE GIFTED & TALENTED,21K239,21,Y
P.S. 253,21K253,21,Y
I.S. 281 JOSEPH B CAVALLARO,21K281,21,Y
P.S. 288 THE SHIRLEY TANYHILL,21K288,21,Y
I.S. 303 HERBERT S. EISENBERG,21K303,21,Y
P.S. 329 SURFSIDE,21K329,21,Y
KINGSBOROUGH EARLY COLLEGE SCHOOL,21K468,21,Y
BROOKLYN STUDIO SECONDARY SCHOOL,21K690,21,Y
J.H.S. 014 SHELL BANK,22K014,22,Y
P.S. 052 SHEEPSHEAD BAY,22K052,22,Y
J.H.S. 078 ROY H. MANN,22K078,22,Y
P.S. 109,22K109,22,Y
P.S. 119 AMERSFORT,22K119,22,Y
P.S. K134,22K134,22,Y
P.S. 139 ALEXINE A. FENTY,22K139,22,Y
SCHOOL OF SCIENCE & TECHNOLOGY,22K152,22,Y
P.S. 193 GIL HODGES,22K193,22,Y
P.S. 194 RAOUL WALLENBERG,22K194,22,Y
P.S. 195 MANHATTAN BEACH,22K195,22,Y
P.S. 197 - THE KINGS HIGHWAY ACADEMY,22K197,22,Y
P.S. 198 BROOKLYN,22K198,22,Y
P.S. 203 FLOYD BENNETT SCHOOL,22K203,22,Y
P.S. 206 JOSEPH F LAMB,22K206,22,Y
P.S. 207 ELIZABETH G. LEARY,22K207,22,Y
P.S. 217 COLONEL DAVID MARCUS SCHOOL,22K217,22,Y
P.S. 222 KATHERINE R. SNYDER,22K222,22,Y
J.H.S. 234 ARTHUR W. CUNNINGHAM,22K234,22,Y
P.S. 236 MILL BASIN,22K236,22,Y
ANDRIES HUDDE,22K240,22,Y
P.S. 245,22K245,22,Y
P.S. 251 PAERDEGAT,22K251,22,Y
P.S. 254 DAG HAMMARSKJOLD,22K254,22,Y
P.S. 255 BARBARA REING SCHOOL,22K255,22,Y
P.S. 269 NOSTRAND,22K269,22,Y
P.S. 277 GERRITSEN BEACH,22K277,22,Y
J.H.S. 278 MARINE PARK,22K278,22,Y
P.S. 312 BERGEN BEACH,22K312,22,Y
P.S. K315,22K315,22,Y
I. S. 381,22K381,22,Y
P.S. 041 FRANCIS WHITE,23K041,23,Y
P.S./I.S. 137 RACHEL JEAN MITCHELL,23K137,23,Y
P.S. 150 CHRISTOPHER,23K150,23,Y
P.S./ I.S. 155 NICHOLAS HERKIMER,23K155,23,Y
P.S. 156 WAVERLY,23K156,23,Y
P.S. 165 IDA POSNER,23K165,23,Y
P.S. 178 SAINT CLAIR MCKELWAY,23K178,23,Y
P.S. 184 NEWPORT,23K184,23,Y
"THE GREGORY JOCKO JACKSON SCHOOL OF SPORTS, ART, AND TECHNOLOGY",23K284,23,Y
P.S. 298 DR. BETTY SHABAZZ,23K298,23,Y
P.S./I.S. 323,23K323,23,Y
P.S. 327 DR. ROSE B. ENGLISH,23K327,23,Y
BROWNSVILLE COLLABORATIVE MIDDLE SCHOOL,23K363,23,Y
I.S. 392,23K392,23,Y
CHRISTOPHER AVENUE COMMUNITY SCHOOL,23K401,23,Y
RIVERDALE AVENUE COMMUNITY SCHOOL,23K446,23,Y
KAPPA V (KNOWLEDGE AND POWER PREPARATORY ACADEMY),23K518,23,Y
MOTT HALL IV,23K522,23,Y
BROOKLYN LANDMARK ELEMENTARY SCHOOL,23K599,23,Y
EAGLE ACADEMY FOR YOUNG MEN II,23K644,23,Y
BROOKLYN ENVIRONMENTAL EXPLORATION SCHOOL (BEES),23K664,23,Y
RIVERDALE AVENUE MIDDLE SCHOOL,23K668,23,Y
MOTT HALL BRIDGES ACADEMY,23K671,23,Y
TEACHERS PREPARATORY HIGH SCHOOL,23K697,23,Y
I.S. 5 - THE WALTER CROWLEY INTERMEDIATE SCHOOL,24Q005,24,Y
P.S. 007 LOUIS F. SIMEONE,24Q007,24,Y
P.S. 012 JAMES B. COLGATE,24Q012,24,Y
P.S. 013 CLEMENT C. MOORE,24Q013,24,Y
P.S. 014 FAIRVIEW,24Q014,24,Y
P.S. Q016 THE NANCY DEBENEDITTIS SCHOOL,24Q016,24,Y
P.S. 019 MARINO JEANTET,24Q019,24,Y
P.S. 049 DOROTHY BONAWIT KOLE,24Q049,24,Y
P.S. 58 - THE SCHOOL OF HEROES,24Q058,24,Y
I.S. 061 LEONARDO DA VINCI,24Q061,24,Y
P.S. 068 CAMBRIDGE,24Q068,24,Y
P.S. 071 FOREST,24Q071,24,Y
I.S. 73 - THE FRANK SANSIVIERI INTERMEDIATE SCHOOL,24Q073,24,Y
I.S. 077,24Q077,24,Y
P.S. 81Q JEAN PAUL RICHTER,24Q081,24,Y
P.S./I.S. 087 MIDDLE VILLAGE,24Q087,24,Y
P.S. 088 SENECA,24Q088,24,Y
P.S. 089 ELMHURST,24Q089,24,Y
P.S. 091 RICHARD ARKWRIGHT,24Q091,24,Y
I.S. 093 RIDGEWOOD,24Q093,24,Y
P.S. 102 BAYVIEW,24Q102,24,Y
P.S. 110,24Q110,24,N
P.S./I.S. 113 ANTHONY J. PRANZO,24Q113,24,Y
I.S. 119 THE GLENDALE,24Q119,24,Y
I.S. 125 THOM J. MCCANN WOODSIDE,24Q125,24,Y
"P.S. 128 THE LORRAINE TUZZO, JUNIPER VALLEY ELEMENTARY SCHOOL",24Q128,24,Y
P.S. 143 LOUIS ARMSTRONG,24Q143,24,Y
P.S. 153 MASPETH ELEM,24Q153,24,Y
P.S. 199 MAURICE A. FITZGERALD,24Q199,24,Y
P.S. 229 EMANUEL KAPLAN,24Q229,24,Y
P.S. 239,24Q239,24,Y
A.C.E. ACADEMY FOR SCHOLARS AT THE GERALDINE FERRARO CAMPUS,24Q290,24,Y
LEARNERS AND LEADERS,24Q305,24,Y
PIONEER ACADEMY,24Q307,24,Y
CORONA ARTS AND SCIENCES ACADEMY,24Q311,24,Y
P.S. 330,24Q330,24,Y
"ROBERT F. WAGNER, JR. SECONDARY SCHOOL FOR ARTS AND TECHNOLOGY",24Q560,24,Y
THE 51 AVENUE ACADEMY (THE PATH TO ACADEMIC EXCELLENCE),24Q877,24,Y
P.S. 020 JOHN BOWNE,25Q020,25,Y
P.S. 021 EDWARD HART,25Q021,25,Y
P.S. 022 THOMAS JEFFERSON,25Q022,25,Y
P.S. 024 ANDREW JACKSON,25Q024,25,Y
I.S. 025 ADRIEN BLOCK,25Q025,25,Y
P.S. 029 QUEENS,25Q029,25,Y
P.S. 032 STATE STREET,25Q032,25,Y
P.S. 079 FRANCIS LEWIS,25Q079,25,Y
P.S. 107 THOMAS A DOOLEY,25Q107,25,Y
P.S. 120 QUEENS,25Q120,25,Y
P.S. 129 PATRICIA LARKIN,25Q129,25,Y
P.S. 130,25Q130,26,Y
P.S. 154 QUEENS,25Q154,25,Y
P.S. 163 FLUSHING HEIGHTS,25Q163,25,Y
P.S. 164 QUEENS VALLEY,25Q164,25,Y
P.S. 165 EDITH K. BERGTRAUM,25Q165,25,Y
P.S. 169 BAY TERRACE,25Q169,25,Y
P.S. 184 FLUSHING MANOR,25Q184,25,Y
J.H.S. 185 EDWARD BLEEKER,25Q185,25,Y
J.H.S. 189 DANIEL CARTER BEARD,25Q189,25,Y
P.S. 193 ALFRED J. KENNEDY,25Q193,25,Y
J.H.S. 194 WILLIAM CARR,25Q194,25,Y
P.S./M.S. 200 - THE POMONOK SCHOOL & STAR ACADEMY,25Q200,25,Y
P.S. 201 THE DISCOVERY SCHOOL FOR INQUIRY AND RESEARCH,25Q201,25,Y
P.S. 209 CLEARVIEW GARDENS,25Q209,25,Y
P.S. 214 CADWALLADER COLDEN,25Q214,25,Y
P.S. 219 PAUL KLAPPER,25Q219,25,Y
I.S. 237,25Q237,25,Y
P.S. 242 LEONARD P. STAVISKY EARLY CHILDHOOD SCHOOL,25Q242,25,Y
THE ACTIVE LEARNING ELEMENTARY SCHOOL,25Q244,25,Y
I.S. 250 THE ROBERT F. KENNEDY COMMUNITY MIDDLE SCHOOL,25Q250,25,Y
"QUEENS SCHOOL OF INQUIRY, THE",25Q252,25,Y
EAST-WEST SCHOOL OF INTERNATIONAL STUDIES,25Q281,25,Y
WORLD JOURNALISM PREPARATORY: A COLLEGE BOARD SCHOOL,25Q285,25,Y
BELL ACADEMY,25Q294,25,Y
"THE QUEENS COLLEGE SCHOOL FOR MATH, SCIENCE AND TECHNOLOGY",25Q499,25,Y
P.S. 018 WINCHESTER,26Q018,26,Y
P.S. 026 RUFUS KING,26Q026,26,Y
P.S. 031 BAYSIDE,26Q031,26,Y
P.S. 041 CROCHERON,26Q041,26,Y
P.S. 046 ALLEY POND,26Q046,26,Y
J.H.S. 067 LOUIS PASTEUR,26Q067,26,Y
J.H.S. 074 NATHANIEL HAWTHORNE,26Q074,26,Y
P.S. 094 DAVID D. PORTER,26Q094,26,Y
P.S. 098 THE DOUGLASTON SCHOOL,26Q098,26,Y
THE JAMES J. AMBROSE SCHOOL,26Q115,26,Y
P.S. 133 QUEENS,26Q133,26,Y
M.S. 158 MARIE CURIE,26Q158,26,Y
P.S. 159,26Q159,26,Y
P.S. 162 JOHN GOLDEN,26Q162,26,Y
IRWIN ALTMAN MIDDLE SCHOOL 172,26Q172,26,Y
P.S. 173 FRESH MEADOWS,26Q173,26,Y
P.S./ IS 178 HOLLISWOOD,26Q178,26,Y
P.S. 186 CASTLEWOOD,26Q186,26,Y
P.S. 188 KINGSBURY,26Q188,26,Y
P.S. 191 MAYFLOWER,26Q191,26,Y
P.S. 203 OAKLAND GARDENS,26Q203,26,Y
P.S. 205 ALEXANDER GRAHAM BELL,26Q205,26,Y
P.S. 213 THE CARL ULLMAN SCHOOL,26Q213,26,Y
J.H.S. 216 GEORGE J. RYAN,26Q216,26,Y
P.S. 221 THE NORTH HILLS SCHOOL,26Q221,26,Y
P.S./I.S. 266,26Q266,26,Y
P.S./M.S 042 R. VERNAM,27Q042,27,Y
P.S. 043,27Q043,27,Y
P.S. 045 CLARENCE WITHERSPOON,27Q045,27,Y
P.S. 047 CHRIS GALAS,27Q047,27,Y
M.S. 053 BRIAN PICCOLO,27Q053,27,Y
P.S. 056 HARRY EICHLER,27Q056,27,Y
P.S. 060 WOODHAVEN,27Q060,27,Y
P. S. 62 - CHESTER PARK SCHOOL,27Q062,27,Y
P.S. 063 OLD SOUTH,27Q063,27,Y
P.S. 064 JOSEPH P. ADDABBO,27Q064,27,Y
P.S. 65 - THE RAYMOND YORK ELEMENTARY SCHOOL,27Q065,27,Y
P.S. 066 JACQUELINE KENNEDY ONASSIS,27Q066,27,Y
P.S. 090 HORACE MANN,27Q090,27,Y
P.S. 096,27Q096,27,Y
P.S. 097 FOREST PARK,27Q097,27,Y
P.S. 100 GLEN MORRIS,27Q100,27,Y
P.S. 104 THE BAYS WATER,27Q104,27,Y
P.S. 105 THE BAY SCHOOL,27Q105,27,Y
LIGHTHOUSE ELEMENTARY SCHOOL,27Q106,27,Y
P.S. 108 CAPTAIN VINCENT G. FOWLER,27Q108,27,Y
P.S./M.S. 114 BELLE HARBOR,27Q114,27,Y
P.S. 123,27Q123,27,Y
P.S. 124 OSMOND A CHURCH,27Q124,27,Y
M.S. 137 AMERICA'S SCHOOL OF HEROES,27Q137,27,Y
P.S. 146 HOWARD BEACH,27Q146,27,Y
P.S. 155,27Q155,27,Y
P.S. 183 DR. RICHARD R. GREEN,27Q183,27,Y
P.S. 197 THE OCEAN SCHOOL,27Q197,27,Y
J.H.S. 202 ROBERT H. GODDARD,27Q202,27,Y
P.S. 207 ROCKWOOD PARK,27Q207,27,Y
J.H.S. 210 ELIZABETH BLACKWELL,27Q210,27,Y
P.S. 223 LYNDON B. JOHNSON,27Q223,27,Y
J.H.S. 226 VIRGIL I. GRISSOM,27Q226,27,Y
P.S. 232 LINDENWOOD,27Q232,27,Y
P.S. 253,27Q253,27,Y
P.S. 254 - THE ROSA PARKS SCHOOL,27Q254,27,Y
CHANNEL VIEW SCHOOL FOR RESEARCH,27Q262,27,Y
P.S. 273,27Q273,27,Y
KNOWLEDGE AND POWER PREPARATORY ACADEMY VI,27Q282,27,Y
HAWTREE CREEK MIDDLE SCHOOL,27Q297,27,Y
NEW YORK CITY ACADEMY FOR DISCOVERY,27Q306,27,Y
ACADEMY OF MEDICAL TECHNOLOGY: A COLLEGE BOARD SCHOOL,27Q309,27,Y
WATERSIDE CHILDREN'S STUDIO SCHOOL,27Q317,27,Y
WATERSIDE SCHOOL FOR LEADERSHIP,27Q318,27,Y
VILLAGE ACADEMY,27Q319,27,Y
SCHOLARS' ACADEMY,27Q323,27,Y
GOLDIE MAPLE ACADEMY,27Q333,27,Y
WAVE PREPARATORY ELEMENTARY SCHOOL,27Q362,27,Y
J.H.S. 008 RICHARD S. GROSSLEY,28Q008,28,Y
P.S. 040 SAMUEL HUNTINGTON,28Q040,28,Y
P.S. 048 WILLIAM WORDSWORTH,28Q048,28,Y
P.S. 050 TALFOURD LAWN ELEMENTARY SCHOOL,28Q050,28,Y
P.S. 054 HILLSIDE,28Q054,28,Y
P.S. 055 MAURE,28Q055,28,Y
CATHERINE & COUNT BASIE MIDDLE SCHOOL 72,28Q072,28,Y
P.S. 80 THE THURGOOD MARSHALL MAGNET SCHOOL OF MULTIMEDIA AND COMMUNICATION,28Q080,28,Y
P.S. 082 HAMMOND,28Q082,28,Y
P.S. Q086,28Q086,28,Y
P.S. 099 KEW GARDENS,28Q099,28,Y
P.S. 101 SCHOOL IN THE GARDENS,28Q101,28,Y
P.S. 117 J. KELD / BRIARWOOD SCHOOL,28Q117,28,Y
P.S. 121 QUEENS,28Q121,28,Y
P.S. 139 REGO PARK,28Q139,28,Y
P.S. 140 EDWARD K ELLINGTON,28Q140,28,Y
P.S. 144 COL JEROMUS REMSEN,28Q144,28,Y
J.H.S. 157 STEPHEN A. HALSEY,28Q157,28,Y
P.S. 160 WALTER FRANCIS BISHOP,28Q160,28,Y
P.S. 161 ARTHUR ASHE SCHOOL,28Q161,28,Y
METROPOLITAN EXPEDITIONARY LEARNING SCHOOL,28Q167,28,Y
P.S. 174 WILLIAM SIDNEY MOUNT,28Q174,28,Y
P.S. 175 THE LYNN GROSS DISCOVERY SCHOOL,28Q175,28,Y
P.S. 182 SAMANTHA SMITH,28Q182,28,Y
J.H.S. 190 RUSSELL SAGE,28Q190,28,Y
P.S. 196 GRAND CENTRAL PARKWAY,28Q196,28,Y
P.S. 206 THE HORACE HARDING SCHOOL,28Q206,28,Y
J.H.S. 217 ROBERT A. VAN WYCK,28Q217,28,Y
P.S. 220 EDWARD MANDEL,28Q220,28,Y
YORK EARLY COLLEGE ACADEMY,28Q284,28,Y
THE EMERSON SCHOOL,28Q287,28,Y
THE ACADEMY FOR EXCELLENCE THROUGH THE ARTS,28Q303,28,Y
QUEENS COLLEGIATE: A COLLEGE BOARD SCHOOL,28Q310,28,Y
REDWOOD MIDDLE SCHOOL,28Q332,28,Y
THE JERMAINE L. GREEN STEM INSTITUTE OF QUEENS,28Q354,28,Y
M.S. 358,28Q358,28,N
QUEENS GATEWAY TO HEALTH SCIENCES SECONDARY SCHOOL,28Q680,28,Y
"YOUNG WOMEN'S LEADERSHIP SCHOOL, QUEENS",28Q896,28,Y
P.S. 015 JACKIE ROBINSON,29Q015,29,Y
P.S. 033 EDWARD M. FUNK,29Q033,29,Y
P.S. 034 JOHN HARVARD,29Q034,29,Y
P.S. 035 NATHANIEL WOODHULL,29Q035,29,Y
P.S. 036 SAINT ALBANS SCHOOL,29Q036,29,Y
CYNTHIA JENKINS SCHOOL,29Q037,29,Y
P.S. 038 ROSEDALE,29Q038,29,Y
P.S. 052 QUEENS,29Q052,29,Y
I.S. 059 SPRINGFIELD GARDENS,29Q059,29,Y
P.S. 095 EASTWOOD,29Q095,29,Y
JEAN NUZZI INTERMEDIATE SCHOOL,29Q109,29,Y
P.S./I.S. 116 WILLIAM C. HUGHLEY,29Q116,29,Y
P.S. 118 LORRAINE HANSBERRY,29Q118,29,Y
P.S. 131 ABIGAIL ADAMS,29Q131,29,Y
P.S. 132 RALPH BUNCHE,29Q132,29,Y
P.S. 134 HOLLIS,29Q134,29,Y
THE BELLAIRE SCHOOL,29Q135,29,Y
P.S. 136 ROY WILKINS,29Q136,29,Y
P.S./M.S. 138 SUNRISE,29Q138,29,Y
P.S./M.S. 147 RONALD MCNAIR,29Q147,29,Y
P.S. 156 LAURELTON,29Q156,29,Y
P.S. 176 CAMBRIA HEIGHTS,29Q176,29,Y
P.S. 181 BROOKFIELD,29Q181,29,Y
I.S. 192 THE LINDEN,29Q192,29,Y
P.S. 195 WILLIAM HABERLE,29Q195,29,Y
P.S./I.S. 208,29Q208,26,Y
I.S. 238 - SUSAN B. ANTHONY ACADEMY,29Q238,29,Y
P.S. 251 QUEENS,29Q251,29,Y
PATHWAYS COLLEGE PREPARATORY SCHOOL: A COLLEGE BOARD SCHOOL,29Q259,29,Y
P.S./I.S. 268,29Q268,29,Y
THE GORDON PARKS SCHOOL,29Q270,29,Y
PREPARATORY ACADEMY FOR WRITERS: A COLLEGE BOARD SCHOOL,29Q283,29,Y
QUEENS UNITED MIDDLE SCHOOL,29Q289,29,Y
P.S./I.S. 295,29Q295,29,Y
EAGLE ACADEMY FOR YOUNG MEN III,29Q327,29,Y
COLLABORATIVE ARTS MIDDLE SCHOOL,29Q355,29,Y
COMMUNITY VOICES MIDDLE SCHOOL,29Q356,29,Y
P.S. 002 ALFRED ZIMBERG,30Q002,30,Y
I.S. 010 HORACE GREELEY,30Q010,30,Y
P.S. 011 KATHRYN PHELAN,30Q011,30,Y
P.S. 017 HENRY DAVID THOREAU,30Q017,30,Y
P.S. 069 JACKSON HEIGHTS,30Q069,30,Y
P.S. 070,30Q070,30,Y
P.S. 076 WILLIAM HALLET,30Q076,30,Y
P.S./I.S. 78Q,30Q078,30,Y
P.S. 084 STEINWAY,30Q084,30,Y
P.S. 085 JUDGE CHARLES VALLONE,30Q085,30,Y
P.S. 092 HARRY T. STEWART SR.,30Q092,30,Y
P.S. 111 JACOB BLACKWELL,30Q111,30,Y
P.S. 112 DUTCH KILLS,30Q112,30,Y
P.S. 122 MAMIE FAY,30Q122,30,Y
ALBERT SHANKER SCHOOL FOR VISUAL AND PERFORMING ARTS,30Q126,30,Y
P.S. 127 AEROSPACE SCIENCE MAGNET SCHOOL,30Q127,30,Y
I.S. 141 THE STEINWAY,30Q141,30,Y
I.S. 145 JOSEPH PULITZER,30Q145,30,Y
P.S. 148 QUEENS,30Q148,30,Y
P.S. 149 CHRISTA MCAULIFFE,30Q149,30,Y
P.S. 150 QUEENS,30Q150,30,Y
P.S. 151 MARY D. CARTER,30Q151,30,Y
P.S. 152 GWENDOLINE N. ALLEYNE SCHOOL,30Q152,30,Y
P.S. 166 HENRY GRADSTEIN,30Q166,30,Y
P.S. 171 PETER G. VAN ALST,30Q171,30,Y
I.S. 204 OLIVER W. HOLMES,30Q204,30,Y
P.S. 212,30Q212,30,Y
I.S. 227 LOUIS ARMSTRONG,30Q227,30,Y
I.S. 230,30Q230,30,Y
P.S. 234,30Q234,30,Y
ACADEMY FOR NEW AMERICANS,30Q235,30,Y
P.S. 280,30Q280,30,Y
"YOUNG WOMEN'S LEADERSHIP SCHOOL, ASTORIA",30Q286,30,Y
HUNTERS POINT COMMUNITY MIDDLE SCHOOL,30Q291,30,Y
THE 30TH AVENUE SCHOOL (G&T CITYWIDE),30Q300,30,Y
BACCALAUREATE SCHOOL FOR GLOBAL EDUCATION,30Q580,30,Y
P.S. 001 TOTTENVILLE,31R001,31,Y
I.S. R002 GEORGE L. EGBERT,31R002,31,Y
P.S. 003 THE MARGARET GIOIOSA SCHOOL,31R003,31,Y
P.S. 004 MAURICE WOLLIN,31R004,31,Y
P.S. 005 HUGUENOT,31R005,31,Y
P.S. 6 CORPORAL ALLAN F. KIVLEHAN SCHOOL,31R006,31,Y
I.S. 007 ELIAS BERNSTEIN,31R007,31,Y
P.S. 8 SHIRLEE SOLOMON,31R008,31,Y
P.S. 11 THOMAS DONGAN SCHOOL,31R011,31,Y
P.S. 013 M. L. LINDEMEYER,31R013,31,Y
P.S. 016 JOHN J. DRISCOLL,31R016,31,Y
P.S. 018 JOHN G. WHITTIER,31R018,31,Y
P.S. 019 THE CURTIS SCHOOL,31R019,31,Y
P.S. 020 PORT RICHMOND,31R020,31,Y
P.S. 21 MARGARET EMERY-ELM PARK,31R021,31,Y
P.S. 022 GRANITEVILLE,31R022,31,Y
P.S. 023 RICHMONDTOWN,31R023,31,Y
I.S. 024 MYRA S. BARNES,31R024,31,Y
P.S. 026 THE CARTERET SCHOOL,31R026,31,Y
I.S. 027 ANNING S. PRALL,31R027,31,Y
THE EAGLE ACADEMY FOR YOUNG MEN OF STATEN ISLAND,31R028,31,Y
P.S. 029 BARDWELL,31R029,31,Y
P.S. 030 WESTERLEIGH,31R030,31,Y
P.S. 031 WILLIAM T. DAVIS,31R031,31,Y
P.S. 032 THE GIFFORD SCHOOL,31R032,31,Y
I.S. 034 TOTTENVILLE,31R034,31,Y
P.S. 35 THE CLOVE VALLEY SCHOOL,31R035,31,Y
P.S. 036 J. C. DRUMGOOLE,31R036,31,Y
P.S. 038 GEORGE CROMWELL,31R038,31,Y
P.S. 39 FRANCIS J. MURPHY JR.,31R039,31,Y
THE STEPHANIE A. VIERNO SCHOOL,31R041,31,Y
P.S. 042 ELTINGVILLE,31R042,31,Y
P.S. 044 THOMAS C. BROWN,31R044,31,Y
P.S. 045 JOHN TYLER,31R045,31,Y
P.S. 046 ALBERT V. MANISCALCO,31R046,31,Y
P.S. 048 WILLIAM G. WILCOX,31R048,31,Y
I.S. 49 BERTA A. DREYFUS,31R049,31,Y
P.S. 050 FRANK HANKINSON,31R050,31,Y
I.S. 051 EDWIN MARKHAM,31R051,31,Y
P.S. 052 JOHN C. THOMPSON,31R052,31,Y
THE BARBARA ESSELBORN SCHOOL,31R053,31,Y
P.S. 054 CHARLES W. LENG,31R054,31,Y
P.S. 055 HENRY M. BOEHM,31R055,31,Y
P.S. 56 THE LOUIS DESARIO SCHOOL,31R056,31,Y
P.S. 057 HUBERT H. HUMPHREY,31R057,31,Y
SPACE SHUTTLE COLUMBIA SCHOOL,31R058,31,Y
P.S. 060 ALICE AUSTEN,31R060,31,Y
I.S. 061 WILLIAM A MORRIS,31R061,31,Y
MARSH AVENUE SCHOOL FOR EXPEDITIONARY LEARNING,31R063,31,Y
P.S. 65 THE ACADEMY OF INNOVATIVE LEARNING,31R065,31,Y
P.S. 069 DANIEL D. TOMPKINS,31R069,31,Y
I.S. 072 ROCCO LAURIE,31R072,31,Y
P.S. 74 FUTURE LEADERS ELEMENTARY SCHOOL,31R074,31,Y
I.S. 075 FRANK D. PAULO,31R075,31,Y
P.S. 78,31R078,31,Y
THE MICHAEL J. PETRIDES SCHOOL,31R080,31,Y
STATEN ISLAND SCHOOL OF CIVIC LEADERSHIP,31R861,31,Y
P.S./I.S. 045 HORACE E. GREENE,32K045,32,Y
P.S. 075 MAYDA CORTIELLA,32K075,32,Y
P.S. 086 THE IRVINGTON,32K086,32,Y
P.S. 106 EDWARD EVERETT HALE,32K106,32,Y
P.S. 116 ELIZABETH L FARRELL,32K116,32,Y
P.S. 123 SUYDAM,32K123,32,Y
P.S. 145 ANDREW JACKSON,32K145,32,Y
P.S. 151 LYNDON B. JOHNSON,32K151,32,Y
J.H.S. 162 THE WILLOUGHBY,32K162,32,Y
P.S. 274 KOSCIUSKO,32K274,32,Y
J.H.S. 291 ROLAND HAYES,32K291,32,Y
P.S. 299 THOMAS WARREN FIELD,32K299,32,Y
I.S. 347 SCHOOL OF HUMANITIES,32K347,32,Y
"I.S. 349 MATH, SCIENCE & TECH.",32K349,32,Y
P.S. 376,32K376,32,Y
P.S. 377 ALEJANDRINA B. DE GAUTIER,32K377,32,Y
J.H.S. 383 PHILIPPA SCHUYLER,32K383,32,Y
P.S. /I.S. 384 FRANCES E. CARTER,32K384,32,Y
ALL CITY LEADERSHIP SECONDARY SCHOOL,32K554,32,Y
EVERGREEN MIDDLE SCHOOL FOR URBAN EXPLORATION,32K562,32,Y
BEGINNING WITH CHILDREN CHARTER SCHOOL II,84K037,14,Y
SUCCESS ACADEMY CHARTER SCHOOL - BED-STUY 2,84K125,14,Y
SUCCESS ACADEMY CHARTER SCHOOL - COBBLE HILL,84K129,15,Y
SUCCESS ACADEMY CHARTER SCHOOL - WILLIAMSBURG,84K182,14,Y
EXPLORE EXCEED CHARTER SCHOOL,84K333,17,Y
WILLIAMSBURG COLLEGIATE CHARTER SCHOOL,84K355,14,Y
ACHIEVEMENT FIRST CROWN HEIGHTS CHARTER SCHOOL,84K356,17,Y
KIPP AMP CHARTER SCHOOL,84K357,17,Y
ACHIEVEMENT FIRST EAST NEW YORK CHARTER SCHOOL,84K358,19,Y
LAUNCH EXPEDITIONARY LEARNING CHARTER SCHOOL,84K360,16,Y
HELLENIC CLASSICAL CHARTER SCHOOL,84K362,15,Y
SUCCESS ACADEMY CHARTER SCHOOL - BED-STUY 1,84K367,14,Y
EXPLORE EXCEL CHARTER SCHOOL,84K379,18,Y
INVICTUS PREPARATORY CHARTER SCHOOL,84K386,19,Y
TEACHING FIRMS OF AMERICA-PROFESSIONAL PREPARATORY CHARTER SCHOOL,84K406,16,Y
ACHIEVEMENT FIRST ENDEAVOR CHARTER SCHOOL,84K508,13,Y
LEADERSHIP PREP BEDFORD STUYVESANT UNCOMMON PREP CHARTER SCHOOL,84K517,13,Y
COMMUNITY ROOTS CHARTER SCHOOL,84K536,13,Y
ACHIEVEMENT FIRST BUSHWICK CHARTER SCHOOL,84K538,32,Y
EXCELLENCE BOYS CHARTER SCHOOL,84K593,16,Y
KINGS COLLEGIATE CHARTER SCHOOL,84K608,18,Y
ACHIEVEMENT FIRST BROWNSVILLE CHARTER SCHOOL,84K626,23,Y
BEDFORD STUYVESANT COLLEGIATE -UNCOMMON COLLEGIATE CHARTER HIGH SCHOOL,84K648,16,Y
LA CIMA CHARTER SCHOOL,84K649,16,Y
PAVE ACADEMY CHARTER SCHOOL,84K651,15,Y
BROOKLYN ASCEND CHARTER SCHOOL,84K652,18,Y
ACHIEVEMENT FIRST ASPIRE CHARTER SCHOOL,84K680,19,N
CITIZENS OF THE WORLD CHARTER SCHOOL 1 WILLIAMSBURG,84K689,14,N
CITIZENS OF THE WORLD CHARTER SCHOOL NEW YORK 2 CROWN HEIGHTS,84K692,17,N
BROOKLYN CHARTER SCHOOL,84K701,14,Y
COMMUNITY PARTNERSHIP CHARTER SCHOOL,84K702,13,Y
BEGINNING WITH CHILDREN CHARTER SCHOOL,84K703,14,Y
EXPLORE CHARTER SCHOOL,84K704,17,Y
BROOKLYN PROSPECT CHARTER SCHOOL,84K707,15,Y
BROWNSVILLE COLLEGIATE CHARTER SCHOOL,84K710,23,Y
LEADERSHIP PREPARATORY BROWNSVILLE CHARTER SCHOOL,84K711,23,Y
EXCELLENCE GIRLS CHARTER SCHOOL,84K712,16,Y
LEADERSHIP PREP CANARSIE CHARTER SCHOOL (LEADERSHIP PREP CS 4),84K724,18,Y
SUMMIT ACADEMY CHARTER SCHOOL,84K730,15,Y
BROOKLYN EXCELSIOR CHARTER SCHOOL,84K731,16,Y
NEW AMERICAN ACADEMY CHARTER SCHOOL,84K736,18,N
BROWNSVILLE ASCEND CHARTER SCHOOL,84K737,23,Y
BROOKLYN SCHOLARS CHARTER SCHOOL,84K740,19,Y
SUCCESS ACADEMY CROWN HEIGHTS (BROOKLYN 7),84K741,17,N
EXPLORE EMPOWER CHARTER SCHOOL,84K742,17,Y
CONEY ISLAND PREPARATORY PUBLIC CHARTER SCHOOL,84K744,21,Y
HEBREW LANGUAGE ACADEMY CHARTER SCHOOL,84K746,22,Y
SUCCESS ACADEMY FORT GREENE (BROOKLYN 5),84K752,13,N
SUCCESS ACADEMY PROSPECT HEIGHTS (BROOKLYN 6),84K756,17,N
UNITY PREP CHARTER SCHOOL,84K757,13,Y
BROOKLYN URBAN GARDEN CHARTER SCHOOL,84K758,15,Y
CANARSIE ASCEND CHARTER SCHOOL,84K759,18,N
HYDE LEADERSHIP CHARTER SCHOOL- BROOKLYN,84K769,19,Y
ACHIEVEMENT FIRST APOLLO CHARTER SCHOOL,84K774,19,Y
LEADERSHIP PREPARATORY OCEAN HILL CHARTER SCHOOL,84K775,23,Y
OCEAN HILL COLLEGIATE CHARTER SCHOOL,84K777,23,Y
BROOKLYN EAST COLLEGIATE CHARTER SCHOOL,84K780,13,Y
BEDFORD STUYVESANT NEW BEGINNINGS CHARTER SCHOOL,84K782,16,Y
IMAGINE ME LEADERSHIP CHARTER SCHOOL,84K785,19,Y
BROOKLYN DREAMS CHARTER SCHOOL,84K791,22,Y
THE CULTURAL ARTS ACADEMY AT SPRING CREEK CHARTER SCHOOL,84K792,18,Y
BUSHWICK ASCEND CHARTER SCHOOL,84K793,32,Y
NEW HOPE ACADEMY CHARTER SCHOOL,84K797,18,Y
BROOKLYN LABÂ CHARTER SCHOOL,84K803,13,Y
DEMOCRACY PREP ENDURANCE CHARTER SCHOOL,84M065,5,Y
KIPP WASHINGTON HEIGHTS MIDDLE SCHOOL,84M068,6,Y
MANHATTAN CHARTER SCHOOL II,84M080,1,Y
GLOBAL COMMUNITY CHARTER SCHOOL,84M085,5,Y
NEIGHBORHOOD CHARTER SCHOOL OF HARLEM,84M100,5,Y
EAST HARLEM SCHOLARS ACADEMY CHARTER SCHOOL II,84M168,4,N
SUCCESS ACADEMY HELL'S KITCHEN (MANHATTAN 2),84M170,2,N
SUCCESS ACADEMY UNION SQUARE (MANHATTAN 1),84M174,2,N
HARLEM HEBREW LANGUAGE CHARTER SCHOOL,84M186,3,N
GREAT OAKS CHARTER SCHOOL,84M202,1,Y
THE OPPORTUNITY CHARTER SCHOOL,84M279,3,Y
HARLEM CHILDREN'S ZONE PROMISE ACADEMY 1 CHARTER SCHOOL,84M284,5,Y
MANHATTAN CHARTER SCHOOL,84M320,1,Y
HARLEM LINK CHARTER SCHOOL,84M329,3,Y
GIRLS PREPARATORY CHARTER SCHOOL OF NEW YORK,84M330,1,Y
HARLEM VILLAGE ACADEMY LEADERSHIP CHARTER SCHOOL,84M335,4,Y
KIPP INFINITY CHARTER SCHOOL,84M336,5,Y
HARLEM CHILDREN'S ZONE PROMISE ACADEMY II CHARTER SCHOOL,84M341,5,Y
DEMOCRACY PREP CHARTER SCHOOL,84M350,5,Y
SUCCESS ACADEMY CHARTER SCHOOL - HARLEM 1,84M351,3,Y
NEW HEIGHTS ACADEMY CHARTER SCHOOL,84M353,6,Y
DREAM CHARTER SCHOOL,84M382,4,Y
SUCCESS ACADEMY CHARTER SCHOOL - HARLEM 2,84M384,5,Y
SUCCESS ACADEMY CHARTER SCHOOL - HARLEM 3,84M385,4,Y
SUCCESS ACADEMY CHARTER SCHOOL - HARLEM 4,84M386,3,Y
ST. HOPE LEADERSHIP ACADEMY CHARTER SCHOOL,84M388,5,Y
THE EQUITY PROJECT CHARTER SCHOOL (TEP),84M430,6,Y
INWOOD ACADEMY FOR LEADERSHIP CHARTER SCHOOL,84M478,6,Y
DEMOCRACY PREP HARLEM CHARTER SCHOOL,84M481,5,Y
SUCCESS ACADEMY CHARTER SCHOOL - HARLEM 5,84M482,5,Y
NEW YORK FRENCH AMERICAN CHARTER SCHOOL,84M483,3,Y
EAST HARLEM SCHOLARS ACADEMY CHARTER SCHOOL,84M518,4,Y
SUCCESS ACADEMY CHARTER SCHOOL - UPPER WEST,84M523,3,Y
SISULU-WALKER CHARTER SCHOOL OF HARLEM,84M702,3,Y
HARBOR SCIENCE AND ARTS CHARTER SCHOOL,84M704,4,Y
AMBER CHARTER SCHOOL,84M705,4,Y
HARLEM PREP CHARTER SCHOOL,84M708,4,Y
HARLEM VILLAGE ACADEMY CHARTER SCHOOL,84M709,5,Y
KIPP STAR COLLEGE PREP CHARTER SCHOOL,84M726,5,Y
FUTURE LEADERS INSTITUTE CHARTER SCHOOL,84M861,3,Y
CENTRAL QUEENS ACADEMY CHARTER SCHOOL,84Q083,24,Y
PENINSULA PREPARATORY ACADEMY CHARTER SCHOOL,84Q170,27,Y
MIDDLE VILLAGE PREP CHARTER SCHOOL,84Q298,24,Y
VOICE CHARTER SCHOOL OF NEW YORK,84Q304,30,Y
GROWING UP GREEN CHARTER SCHOOL,84Q321,30,Y
CHALLENGE PREPARATORY CHARTER SCHOOL,84Q340,27,Y
RIVERTON STREET CHARTER SCHOOL,84Q341,29,Y
ROCHDALE EARLY ADVANTAGE CHARTER SCHOOL,84Q342,28,Y
ACADEMY OF THE CITY CHARTER SCHOOL,84Q359,30,Y
MERRICK ACADEMY - QUEENS PUBLIC CHARTER SCHOOL,84Q704,29,Y
RENAISSANCE CHARTER SCHOOL,84Q705,30,Y
OUR WORLD NEIGHBORHOOD CHARTER SCHOOL,84Q706,30,Y
JOHN W. LAVELLE PREPARATORY CHARTER SCHOOL,84R067,31,Y
STATEN ISLAND COMMUNITY CHARTER SCHOOL,84R071,31,Y
NEW WORLD PREPARATORY CHARTER SCHOOL,84R073,31,Y
CHILDREN'S AID COLLEGE PREP CHARTER SCHOOL,84X124,12,Y
ICAHN CHARTER SCHOOL 6,84X133,9,Y
GRAND CONCOURSE CHARTER SCHOOL,84X165,8,Y
MOTT HALL CHARTER SCHOOL,84X177,9,Y
BRONX LIGHTHOUSE CHARTER SCHOOL,84X185,12,Y
FAMILY LIFE ACADEMY CHARTER SCHOOL II,84X233,7,Y
BRONX CHARTER SCHOOL FOR EXCELLENCE,84X255,11,Y
HEKETI COMMUNITY CHARTER SCHOOL,84X256,7,Y
TECH INTERNATIONAL CHARTER SCHOOL,84X258,10,Y
SOUTH BRONX CHARTER SCHOOL FOR INTERNATIONAL CULTURES AND THE ARTS,84X309,7,Y
HYDE LEADERSHIP CHARTER SCHOOL,84X345,8,Y
SOUTH BRONX CLASSICAL CHARTER SCHOOL,84X346,12,Y
ICAHN CHARTER SCHOOL 7,84X362,8,Y
SOUTH BRONX CLASSICAL CHARTER SCHOOL II,84X364,7,N
ICAHN CHARTER SCHOOL 2,84X378,11,Y
SUCCESS ACADEMY CHARTER SCHOOL - BRONX 3,84X380,8,N
BRILLA COLLEGE PREP CHARTER SCHOOL,84X387,7,N
BRONX GLOBAL LEARNING INSTITUTE FOR GIRLS CHARTER SCHOOL,84X389,7,Y
MOTT HAVEN ACADEMY CHARTER SCHOOL,84X394,7,Y
BRONX COMMUNITY CHARTER SCHOOL,84X398,10,Y
BRONX CHARTER SCHOOL FOR CHILDREN,84X407,7,Y
BRONX ACADEMY OF PROMISE CHARTER SCHOOL,84X419,9,Y
ICAHN CHARTER SCHOOL 3,84X422,11,Y
ATMOSPHERE CHARTER SCHOOL,84X460,10,N
METROPOLITAN LIGHTHOUSE CHARTER SCHOOL,84X461,9,Y
AMERICAN DREAM CHARTER SCHOOL,84X471,7,Y
DR. RICHARD IZQUIERDO HEALTH AND SCIENCE CHARTER SCHOOL,84X482,12,Y
GIRLS PREPARATORY CHARTER SCHOOL OF THE BRONX,84X487,8,Y
THE EQUALITY CHARTER SCHOOL,84X488,11,Y
ACADEMIC LEADERSHIP CHARTER SCHOOL,84X491,7,Y
SOUTH BRONX EARLY COLLEGE ACADEMY CHARTER SCHOOL,84X492,7,N
SUCCESS ACADEMY CHARTER SCHOOL - BRONX 1,84X493,7,Y
SUCCESS ACADEMY CHARTER SCHOOL - BRONX 2,84X494,9,Y
ICAHN CHARTER SCHOOL 4,84X496,11,Y
ICAHN CHARTER SCHOOL 5,84X538,11,Y
NEW YORK CITY MONTESSORI CHARTER SCHOOL,84X554,7,Y
BRONX PREPARATORY CHARTER SCHOOL,84X703,9,Y
KIPP ACADEMY CHARTER SCHOOL,84X704,7,Y
FAMILY LIFE ACADEMY CHARTER SCHOOL,84X705,9,Y
HARRIET TUBMAN CHARTER SCHOOL,84X706,9,Y
ICAHN CHARTER SCHOOL,84X717,9,Y
BRONX CHARTER SCHOOL FOR BETTER LEARNING,84X718,11,Y
BRONX CHARTER SCHOOL FOR THE ARTS,84X730,8,Y
